Enrollmentno,CollegeCode,Branch,Round
E1511,C0044,IC,1
E1534,C0015,EC,1
E0099,C0050,IC,1
E3797,C0013,CH,1
E2288,C0003,EC,1
E1291,C0012,EC,1
E4205,C0014,EC,1
E2726,C0034,EE,1
E2198,C0021,EC,1
E2996,C0037,IC,1
E0400,C0032,EE,1
E4652,C0046,EC,1
E2587,C0024,ME,1
E3140,C0015,EC,1
E0829,C0013,CH,1
E2974,C0044,CIVIL,1
E1943,C0009,IC,1
E2542,C0026,AUTO,1
E3008,C0022,IT,1
E2435,C0037,IC,1
E2514,C0018,EC,1
E4504,C0007,EE,1
E1824,C0045,CH,1
E3274,C0021,CSE,1
E2329,C0030,CIVIL,1
E0129,C0005,CIVIL,1
E4008,C0025,ME,1
E3320,C0022,EC,1
E1785,C0038,CIVIL,1
E2202,C0034,CIVIL,1
E4811,C0027,CIVIL,1
E3580,C0025,EE,1
E2222,C0043,CIVIL,1
E4701,C0017,ME,1
E2663,C0028,CSE,1
E2218,C0046,CIVIL,1
E2115,C0022,CSE,1
E1863,C0014,EE,1
E0939,C0038,CSE,1
E1397,C0006,CSE,1
E1985,C0009,CIVIL,1
E3037,C0027,CIVIL,1
E4028,C0050,ME,1
E1721,C0021,CIVIL,1
E1287,C0010,IT,1
E2359,C0022,CH,1
E1160,C0033,IT,1
E2795,C0044,CIVIL,1
E2984,C0040,CH,1
E4776,C0009,EC,1
E2072,C0018,EE,1
E3993,C0023,CIVIL,1
E0493,C0030,CH,1
E3737,C0024,AUTO,1
E3843,C0018,ME,1
E0321,C0010,IC,1
E2858,C0038,IT,1
E4837,C0014,IT,1
E4103,C0046,AUTO,1
E2110,C0009,CH,1
E0895,C0035,AUTO,1
E4773,C0017,EE,1
E2535,C0009,EE,1
E1567,C0005,AUTO,1
E1385,C0001,IC,1
E0066,C0044,IT,1
E4071,C0026,EC,1
E2030,C0050,IT,1
E4921,C0039,EC,1
E1445,C0027,EC,1
E3452,C0028,IT,1
E2120,C0013,CH,1
E0081,C0038,EE,1
E3409,C0028,EC,1
E4296,C0038,CH,1
E1574,C0011,CSE,1
E4541,C0023,ME,1
E4492,C0046,AUTO,1
E4104,C0025,EE,1
E2717,C0020,CH,1
E3031,C0025,IT,1
E2786,C0049,ME,1
E1127,C0030,IT,1
E0578,C0042,IT,1
E2277,C0032,EC,1
E3945,C0028,CSE,1
E4546,C0026,IT,1
E3949,C0044,CSE,1
E0348,C0024,AUTO,1
E4556,C0011,CH,1
E4686,C0036,IT,1
E0740,C0032,IT,1
E3252,C0016,IT,1
E1778,C0026,CIVIL,1
E3469,C0012,EC,1
E1539,C0019,IT,1
E4421,C0013,CH,1
E1990,C0024,IT,1
E4663,C0007,EC,1
E0144,C0050,IT,1
E3378,C0043,IC,1
E2188,C0012,EC,1
E4092,C0030,CIVIL,1
E3718,C0009,IC,1
E0399,C0050,CH,1
E3002,C0003,CH,1
E2122,C0041,CH,1
E1283,C0033,CH,1
E3432,C0031,EC,1
E3351,C0017,EE,1
E4822,C0034,IC,1
E2953,C0039,IT,1
E0021,C0008,CH,1
E1751,C0050,IC,1
E3790,C0003,ME,1
E4684,C0011,EC,1
E0423,C0039,CH,1
E2219,C0028,ME,1
E1175,C0020,CIVIL,1
E3293,C0015,EC,1
E3982,C0048,CIVIL,1
E1205,C0043,EC,1
E0716,C0047,ME,1
E4747,C0036,AUTO,1
E1817,C0029,CSE,1
E0564,C0031,IC,1
E3370,C0012,CH,1
E4790,C0048,CIVIL,1
E1120,C0047,ME,1
E1963,C0039,AUTO,1
E4468,C0005,AUTO,1
E2279,C0046,IT,1
E0934,C0043,CIVIL,1
E2982,C0049,AUTO,1
E2997,C0019,CH,1
E0077,C0038,CH,1
E1332,C0044,CH,1
E4341,C0034,CSE,1
E2870,C0040,IT,1
E2547,C0011,CH,1
E0845,C0033,EC,1
E2144,C0017,CH,1
E3685,C0015,EE,1
E4395,C0006,IC,1
E3950,C0010,IT,1
E1193,C0019,AUTO,1
E0618,C0024,IT,1
E4698,C0039,CSE,1
E4926,C0034,IC,1
E4757,C0008,ME,1
E1131,C0021,IC,1
E1886,C0011,EC,1
E0723,C0025,IT,1
E0228,C0017,EE,1
E0305,C0005,IT,1
E3168,C0022,IT,1
E4728,C0002,EE,1
E2977,C0050,ME,1
E4130,C0033,IT,1
E2835,C0023,EE,1
E4936,C0023,CIVIL,1
E3066,C0035,EC,1
E2596,C0032,EC,1
E2365,C0030,CH,1
E0549,C0024,CSE,1
E4099,C0029,EE,1
E2174,C0046,ME,1
E2018,C0022,AUTO,1
E4690,C0005,CIVIL,1
E3752,C0033,CH,1
E4500,C0041,EC,1
E0649,C0016,CIVIL,1
E1946,C0036,IT,1
E4552,C0006,CSE,1
E2910,C0029,IT,1
E0885,C0025,EC,1
E2929,C0027,IT,1
E1639,C0025,EE,1
E4362,C0042,EC,1
E3964,C0014,CIVIL,1
E4594,C0009,EE,1
E2134,C0034,EE,1
E0239,C0018,ME,1
E2238,C0037,IC,1
E4192,C0001,AUTO,1
E1554,C0009,EC,1
E4736,C0029,AUTO,1
E0428,C0003,CSE,1
E0409,C0025,IT,1
E4340,C0022,AUTO,1
E0908,C0030,EE,1
E4946,C0012,IT,1
E2074,C0037,EC,1
E4418,C0020,CH,1
E1106,C0013,EE,1
E3569,C0039,EC,1
E2936,C0005,CIVIL,1
E2414,C0031,IT,1
E4897,C0033,CSE,1
E1923,C0025,AUTO,1
E1511,C0044,IC,2
E1534,C0015,EC,2
E0099,C0050,IC,2
E3797,C0013,CH,2
E2288,C0003,EC,2
E1291,C0012,EC,2
E4205,C0014,EC,2
E2726,C0034,EE,2
E2198,C0021,EC,2
E2996,C0037,IC,2
E0400,C0032,EE,2
E4652,C0046,EC,2
E2587,C0024,ME,2
E3140,C0015,EC,2
E0829,C0013,CH,2
E2974,C0044,CIVIL,2
E1943,C0009,IC,2
E2542,C0026,AUTO,2
E3008,C0022,IT,2
E2435,C0037,IC,2
E2514,C0018,EC,2
E4504,C0007,EE,2
E1824,C0045,CH,2
E3274,C0021,CSE,2
E2329,C0030,CIVIL,2
E0129,C0005,CIVIL,2
E4008,C0025,ME,2
E3320,C0022,EC,2
E1785,C0038,CIVIL,2
E2202,C0034,CIVIL,2
E4811,C0027,CIVIL,2
E3580,C0025,EE,2
E2222,C0043,CIVIL,2
E4701,C0017,ME,2
E2663,C0028,CSE,2
E2218,C0046,CIVIL,2
E2115,C0022,CSE,2
E1863,C0014,EE,2
E0939,C0038,CSE,2
E1397,C0006,CSE,2
E1985,C0009,CIVIL,2
E3037,C0027,CIVIL,2
E4028,C0050,ME,2
E1721,C0021,CIVIL,2
E1287,C0010,IT,2
E2359,C0022,CH,2
E1160,C0033,IT,2
E2795,C0044,CIVIL,2
E2984,C0040,CH,2
E4776,C0009,EC,2
E2072,C0018,EE,2
E3993,C0023,CIVIL,2
E0493,C0030,CH,2
E3737,C0024,AUTO,2
E3843,C0018,ME,2
E0321,C0010,IC,2
E2858,C0038,IT,2
E4837,C0014,IT,2
E4103,C0046,AUTO,2
E2110,C0009,CH,2
E0895,C0035,AUTO,2
E4773,C0017,EE,2
E2535,C0009,EE,2
E1567,C0005,AUTO,2
E1385,C0001,IC,2
E0066,C0044,IT,2
E4071,C0026,EC,2
E2030,C0050,IT,2
E4921,C0039,EC,2
E1445,C0027,EC,2
E3452,C0028,IT,2
E2120,C0013,CH,2
E0081,C0038,EE,2
E3409,C0028,EC,2
E4296,C0038,CH,2
E1574,C0011,CSE,2
E4541,C0023,ME,2
E4492,C0046,AUTO,2
E4104,C0025,EE,2
E2717,C0020,CH,2
E3031,C0025,IT,2
E2786,C0049,ME,2
E1127,C0030,IT,2
E0578,C0042,IT,2
E2277,C0032,EC,2
E3945,C0028,CSE,2
E4546,C0026,IT,2
E3949,C0044,CSE,2
E0348,C0024,AUTO,2
E4556,C0011,CH,2
E4686,C0036,IT,2
E0740,C0032,IT,2
E3252,C0016,IT,2
E1778,C0026,CIVIL,2
E3469,C0012,EC,2
E1539,C0019,IT,2
E4421,C0013,CH,2
E1990,C0024,IT,2
E4663,C0007,EC,2
E0144,C0050,IT,2
E3378,C0043,IC,2
E2188,C0012,EC,2
E4092,C0030,CIVIL,2
E3718,C0009,IC,2
E0399,C0050,CH,2
E3002,C0003,CH,2
E2122,C0041,CH,2
E1283,C0033,CH,2
E3432,C0031,EC,2
E3351,C0017,EE,2
E4822,C0034,IC,2
E2953,C0039,IT,2
E0021,C0008,CH,2
E1751,C0050,IC,2
E3790,C0003,ME,2
E4684,C0011,EC,2
E0423,C0039,CH,2
E2219,C0028,ME,2
E1175,C0020,CIVIL,2
E3293,C0015,EC,2
E3982,C0048,CIVIL,2
E1205,C0043,EC,2
E0716,C0047,ME,2
E4747,C0036,AUTO,2
E1817,C0029,CSE,2
E0564,C0031,IC,2
E3370,C0012,CH,2
E4790,C0048,CIVIL,2
E1120,C0047,ME,2
E1963,C0039,AUTO,2
E4468,C0005,AUTO,2
E2279,C0046,IT,2
E0934,C0043,CIVIL,2
E2982,C0049,AUTO,2
E2997,C0019,CH,2
E0077,C0038,CH,2
E1332,C0044,CH,2
E4341,C0034,CSE,2
E2870,C0040,IT,2
E2547,C0011,CH,2
E0845,C0033,EC,2
E2144,C0017,CH,2
E3685,C0015,EE,2
E4395,C0006,IC,2
E3950,C0010,IT,2
E1193,C0019,AUTO,2
E0618,C0024,IT,2
E4698,C0039,CSE,2
E4926,C0034,IC,2
E4757,C0008,ME,2
E1131,C0021,IC,2
E1886,C0011,EC,2
E0723,C0025,IT,2
E0228,C0017,EE,2
E0305,C0005,IT,2
E3168,C0022,IT,2
E4728,C0002,EE,2
E2977,C0050,ME,2
E4130,C0033,IT,2
E2835,C0023,EE,2
E4936,C0023,CIVIL,2
E3066,C0035,EC,2
E2596,C0032,EC,2
E2365,C0030,CH,2
E0549,C0024,CSE,2
E4099,C0029,EE,2
E2174,C0046,ME,2
E2018,C0022,AUTO,2
E4690,C0005,CIVIL,2
E3752,C0033,CH,2
E4500,C0041,EC,2
E0649,C0016,CIVIL,2
E1946,C0036,IT,2
E4552,C0006,CSE,2
E2910,C0029,IT,2
E0885,C0025,EC,2
E2929,C0027,IT,2
E1639,C0025,EE,2
E4362,C0042,EC,2
E3964,C0014,CIVIL,2
E4594,C0009,EE,2
E2134,C0034,EE,2
E0239,C0018,ME,2
E2238,C0037,IC,2
E4192,C0001,AUTO,2
E1554,C0009,EC,2
E4736,C0029,AUTO,2
E0428,C0003,CSE,2
E0409,C0025,IT,2
E4340,C0022,AUTO,2
E0908,C0030,EE,2
E4946,C0012,IT,2
E2074,C0037,EC,2
E4418,C0020,CH,2
E1106,C0013,EE,2
E3569,C0039,EC,2
E2936,C0005,CIVIL,2
E2414,C0031,IT,2
E4897,C0033,CSE,2
E1923,C0025,AUTO,2
E1511,C0044,IC,3
E1534,C0015,EC,3
E0099,C0050,IC,3
E3797,C0013,CH,3
E2288,C0003,EC,3
E1291,C0012,EC,3
E4205,C0014,EC,3
E2726,C0034,EE,3
E2198,C0021,EC,3
E2996,C0037,IC,3
E0400,C0032,EE,3
E4652,C0046,EC,3
E2587,C0024,ME,3
E3140,C0015,EC,3
E0829,C0013,CH,3
E2974,C0044,CIVIL,3
E1943,C0009,IC,3
E2542,C0026,AUTO,3
E3008,C0022,IT,3
E2435,C0037,IC,3
E2514,C0018,EC,3
E4504,C0007,EE,3
E1824,C0045,CH,3
E3274,C0021,CSE,3
E2329,C0030,CIVIL,3
E0129,C0005,CIVIL,3
E4008,C0025,ME,3
E3320,C0022,EC,3
E1785,C0038,CIVIL,3
E2202,C0034,CIVIL,3
E4811,C0027,CIVIL,3
E3580,C0025,EE,3
E2222,C0043,CIVIL,3
E4701,C0017,ME,3
E2663,C0028,CSE,3
E2218,C0046,CIVIL,3
E2115,C0022,CSE,3
E1863,C0014,EE,3
E0939,C0038,CSE,3
E1397,C0006,CSE,3
E1985,C0009,CIVIL,3
E3037,C0027,CIVIL,3
E4028,C0050,ME,3
E1721,C0021,CIVIL,3
E1287,C0010,IT,3
E2359,C0022,CH,3
E1160,C0033,IT,3
E2795,C0044,CIVIL,3
E2984,C0040,CH,3
E4776,C0009,EC,3
E2072,C0018,EE,3
E3993,C0023,CIVIL,3
E0493,C0030,CH,3
E3737,C0024,AUTO,3
E3843,C0018,ME,3
E0321,C0010,IC,3
E2858,C0038,IT,3
E4837,C0014,IT,3
E4103,C0046,AUTO,3
E2110,C0009,CH,3
E0895,C0035,AUTO,3
E4773,C0017,EE,3
E2535,C0009,EE,3
E1567,C0005,AUTO,3
E1385,C0001,IC,3
E0066,C0044,IT,3
E4071,C0026,EC,3
E2030,C0050,IT,3
E4921,C0039,EC,3
E1445,C0027,EC,3
E3452,C0028,IT,3
E2120,C0013,CH,3
E0081,C0038,EE,3
E3409,C0028,EC,3
E4296,C0038,CH,3
E1574,C0011,CSE,3
E4541,C0023,ME,3
E4492,C0046,AUTO,3
E4104,C0025,EE,3
E2717,C0020,CH,3
E3031,C0025,IT,3
E2786,C0049,ME,3
E1127,C0030,IT,3
E0578,C0042,IT,3
E2277,C0032,EC,3
E3945,C0028,CSE,3
E4546,C0026,IT,3
E3949,C0044,CSE,3
E0348,C0024,AUTO,3
E4556,C0011,CH,3
E4686,C0036,IT,3
E0740,C0032,IT,3
E3252,C0016,IT,3
E1778,C0026,CIVIL,3
E3469,C0012,EC,3
E1539,C0019,IT,3
E4421,C0013,CH,3
E1990,C0024,IT,3
E4663,C0007,EC,3
E0144,C0050,IT,3
E3378,C0043,IC,3
E2188,C0012,EC,3
E4092,C0030,CIVIL,3
E3718,C0009,IC,3
E0399,C0050,CH,3
E3002,C0003,CH,3
E2122,C0041,CH,3
E1283,C0033,CH,3
E3432,C0031,EC,3
E3351,C0017,EE,3
E4822,C0034,IC,3
E2953,C0039,IT,3
E0021,C0008,CH,3
E1751,C0050,IC,3
E3790,C0003,ME,3
E4684,C0011,EC,3
E0423,C0039,CH,3
E2219,C0028,ME,3
E1175,C0020,CIVIL,3
E3293,C0015,EC,3
E3982,C0048,CIVIL,3
E1205,C0043,EC,3
E0716,C0047,ME,3
E4747,C0036,AUTO,3
E1817,C0029,CSE,3
E0564,C0031,IC,3
E3370,C0012,CH,3
E4790,C0048,CIVIL,3
E1120,C0047,ME,3
E1963,C0039,AUTO,3
E4468,C0005,AUTO,3
E2279,C0046,IT,3
E0934,C0043,CIVIL,3
E2982,C0049,AUTO,3
E2997,C0019,CH,3
E0077,C0038,CH,3
E1332,C0044,CH,3
E4341,C0034,CSE,3
E2870,C0040,IT,3
E2547,C0011,CH,3
E0845,C0033,EC,3
E2144,C0017,CH,3
E3685,C0015,EE,3
E4395,C0006,IC,3
E3950,C0010,IT,3
E1193,C0019,AUTO,3
E0618,C0024,IT,3
E4698,C0039,CSE,3
E4926,C0034,IC,3
E4757,C0008,ME,3
E1131,C0021,IC,3
E1886,C0011,EC,3
E0723,C0025,IT,3
E0228,C0017,EE,3
E0305,C0005,IT,3
E3168,C0022,IT,3
E4728,C0002,EE,3
E2977,C0050,ME,3
E4130,C0033,IT,3
E2835,C0023,EE,3
E4936,C0023,CIVIL,3
E3066,C0035,EC,3
E2596,C0032,EC,3
E2365,C0030,CH,3
E0549,C0024,CSE,3
E4099,C0029,EE,3
E2174,C0046,ME,3
E2018,C0022,AUTO,3
E4690,C0005,CIVIL,3
E3752,C0033,CH,3
E4500,C0041,EC,3
E0649,C0016,CIVIL,3
E1946,C0036,IT,3
E4552,C0006,CSE,3
E2910,C0029,IT,3
E0885,C0025,EC,3
E2929,C0027,IT,3
E1639,C0025,EE,3
E4362,C0042,EC,3
E3964,C0014,CIVIL,3
E4594,C0009,EE,3
E2134,C0034,EE,3
E0239,C0018,ME,3
E2238,C0037,IC,3
E4192,C0001,AUTO,3
E1554,C0009,EC,3
E4736,C0029,AUTO,3
E0428,C0003,CSE,3
E0409,C0025,IT,3
E4340,C0022,AUTO,3
E0908,C0030,EE,3
E4946,C0012,IT,3
E2074,C0037,EC,3
E4418,C0020,CH,3
E1106,C0013,EE,3
E3569,C0039,EC,3
E2936,C0005,CIVIL,3
E2414,C0031,IT,3
E4897,C0033,CSE,3
E1923,C0025,AUTO,3
E1511,C0044,IC,4
E1534,C0015,EC,4
E0099,C0050,IC,4
E3797,C0013,CH,4
E2288,C0003,EC,4
E1291,C0012,EC,4
E4205,C0014,EC,4
E2726,C0034,EE,4
E2198,C0021,EC,4
E2996,C0037,IC,4
E0400,C0032,EE,4
E4652,C0046,EC,4
E2587,C0024,ME,4
E3140,C0015,EC,4
E0829,C0013,CH,4
E2974,C0044,CIVIL,4
E1943,C0009,IC,4
E2542,C0026,AUTO,4
E3008,C0022,IT,4
E2435,C0037,IC,4
E2514,C0018,EC,4
E4504,C0007,EE,4
E1824,C0045,CH,4
E3274,C0021,CSE,4
E2329,C0030,CIVIL,4
E0129,C0005,CIVIL,4
E4008,C0025,ME,4
E3320,C0022,EC,4
E1785,C0038,CIVIL,4
E2202,C0034,CIVIL,4
E4811,C0027,CIVIL,4
E3580,C0025,EE,4
E2222,C0043,CIVIL,4
E4701,C0017,ME,4
E2663,C0028,CSE,4
E2218,C0046,CIVIL,4
E2115,C0022,CSE,4
E1863,C0014,EE,4
E0939,C0038,CSE,4
E1397,C0006,CSE,4
E1985,C0009,CIVIL,4
E3037,C0027,CIVIL,4
E4028,C0050,ME,4
E1721,C0021,CIVIL,4
E1287,C0010,IT,4
E2359,C0022,CH,4
E1160,C0033,IT,4
E2795,C0044,CIVIL,4
E2984,C0040,CH,4
E4776,C0009,EC,4
E2072,C0018,EE,4
E3993,C0023,CIVIL,4
E0493,C0030,CH,4
E3737,C0024,AUTO,4
E3843,C0018,ME,4
E0321,C0010,IC,4
E2858,C0038,IT,4
E4837,C0014,IT,4
E4103,C0046,AUTO,4
E2110,C0009,CH,4
E0895,C0035,AUTO,4
E4773,C0017,EE,4
E2535,C0009,EE,4
E1567,C0005,AUTO,4
E1385,C0001,IC,4
E0066,C0044,IT,4
E4071,C0026,EC,4
E2030,C0050,IT,4
E4921,C0039,EC,4
E1445,C0027,EC,4
E3452,C0028,IT,4
E2120,C0013,CH,4
E0081,C0038,EE,4
E3409,C0028,EC,4
E4296,C0038,CH,4
E1574,C0011,CSE,4
E4541,C0023,ME,4
E4492,C0046,AUTO,4
E4104,C0025,EE,4
E2717,C0020,CH,4
E3031,C0025,IT,4
E2786,C0049,ME,4
E1127,C0030,IT,4
E0578,C0042,IT,4
E2277,C0032,EC,4
E3945,C0028,CSE,4
E4546,C0026,IT,4
E3949,C0044,CSE,4
E0348,C0024,AUTO,4
E4556,C0011,CH,4
E4686,C0036,IT,4
E0740,C0032,IT,4
E3252,C0016,IT,4
E1778,C0026,CIVIL,4
E3469,C0012,EC,4
E1539,C0019,IT,4
E4421,C0013,CH,4
E1990,C0024,IT,4
E4663,C0007,EC,4
E0144,C0050,IT,4
E3378,C0043,IC,4
E2188,C0012,EC,4
E4092,C0030,CIVIL,4
E3718,C0009,IC,4
E0399,C0050,CH,4
E3002,C0003,CH,4
E2122,C0041,CH,4
E1283,C0033,CH,4
E3432,C0031,EC,4
E3351,C0017,EE,4
E4822,C0034,IC,4
E2953,C0039,IT,4
E0021,C0008,CH,4
E1751,C0050,IC,4
E3790,C0003,ME,4
E4684,C0011,EC,4
E0423,C0039,CH,4
E2219,C0028,ME,4
E1175,C0020,CIVIL,4
E3293,C0015,EC,4
E3982,C0048,CIVIL,4
E1205,C0043,EC,4
E0716,C0047,ME,4
E4747,C0036,AUTO,4
E1817,C0029,CSE,4
E0564,C0031,IC,4
E3370,C0012,CH,4
E4790,C0048,CIVIL,4
E1120,C0047,ME,4
E1963,C0039,AUTO,4
E4468,C0005,AUTO,4
E2279,C0046,IT,4
E0934,C0043,CIVIL,4
E2982,C0049,AUTO,4
E2997,C0019,CH,4
E0077,C0038,CH,4
E1332,C0044,CH,4
E4341,C0034,CSE,4
E2870,C0040,IT,4
E2547,C0011,CH,4
E0845,C0033,EC,4
E2144,C0017,CH,4
E3685,C0015,EE,4
E4395,C0006,IC,4
E3950,C0010,IT,4
E1193,C0019,AUTO,4
E0618,C0024,IT,4
E4698,C0039,CSE,4
E4926,C0034,IC,4
E4757,C0008,ME,4
E1131,C0021,IC,4
E1886,C0011,EC,4
E0723,C0025,IT,4
E0228,C0017,EE,4
E0305,C0005,IT,4
E3168,C0022,IT,4
E4728,C0002,EE,4
E2977,C0050,ME,4
E4130,C0033,IT,4
E2835,C0023,EE,4
E4936,C0023,CIVIL,4
E3066,C0035,EC,4
E2596,C0032,EC,4
E2365,C0030,CH,4
E0549,C0024,CSE,4
E4099,C0029,EE,4
E2174,C0046,ME,4
E2018,C0022,AUTO,4
E4690,C0005,CIVIL,4
E3752,C0033,CH,4
E4500,C0041,EC,4
E0649,C0016,CIVIL,4
E1946,C0036,IT,4
E4552,C0006,CSE,4
E2910,C0029,IT,4
E0885,C0025,EC,4
E2929,C0027,IT,4
E1639,C0025,EE,4
E4362,C0042,EC,4
E3964,C0014,CIVIL,4
E4594,C0009,EE,4
E2134,C0034,EE,4
E0239,C0018,ME,4
E2238,C0037,IC,4
E4192,C0001,AUTO,4
E1554,C0009,EC,4
E4736,C0029,AUTO,4
E0428,C0003,CSE,4
E0409,C0025,IT,4
E4340,C0022,AUTO,4
E0908,C0030,EE,4
E4946,C0012,IT,4
E2074,C0037,EC,4
E4418,C0020,CH,4
E1106,C0013,EE,4
E3569,C0039,EC,4
E2936,C0005,CIVIL,4
E2414,C0031,IT,4
E4897,C0033,CSE,4
E1923,C0025,AUTO,4
E1511,C0044,IC,5
E1534,C0015,EC,5
E0099,C0050,IC,5
E3797,C0013,CH,5
E2288,C0003,EC,5
E1291,C0012,EC,5
E4205,C0014,EC,5
E2726,C0034,EE,5
E2198,C0021,EC,5
E2996,C0037,IC,5
E0400,C0032,EE,5
E4652,C0046,EC,5
E2587,C0024,ME,5
E3140,C0015,EC,5
E0829,C0013,CH,5
E2974,C0044,CIVIL,5
E1943,C0009,IC,5
E2542,C0026,AUTO,5
E3008,C0022,IT,5
E2435,C0037,IC,5
E2514,C0018,EC,5
E4504,C0007,EE,5
E1824,C0045,CH,5
E3274,C0021,CSE,5
E2329,C0030,CIVIL,5
E0129,C0005,CIVIL,5
E4008,C0025,ME,5
E3320,C0022,EC,5
E1785,C0038,CIVIL,5
E2202,C0034,CIVIL,5
E4811,C0027,CIVIL,5
E3580,C0025,EE,5
E2222,C0043,CIVIL,5
E4701,C0017,ME,5
E2663,C0028,CSE,5
E2218,C0046,CIVIL,5
E2115,C0022,CSE,5
E1863,C0014,EE,5
E0939,C0038,CSE,5
E1397,C0006,CSE,5
E1985,C0009,CIVIL,5
E3037,C0027,CIVIL,5
E4028,C0050,ME,5
E1721,C0021,CIVIL,5
E1287,C0010,IT,5
E2359,C0022,CH,5
E1160,C0033,IT,5
E2795,C0044,CIVIL,5
E2984,C0040,CH,5
E4776,C0009,EC,5
E2072,C0018,EE,5
E3993,C0023,CIVIL,5
E0493,C0030,CH,5
E3737,C0024,AUTO,5
E3843,C0018,ME,5
E0321,C0010,IC,5
E2858,C0038,IT,5
E4837,C0014,IT,5
E4103,C0046,AUTO,5
E2110,C0009,CH,5
E0895,C0035,AUTO,5
E4773,C0017,EE,5
E2535,C0009,EE,5
E1567,C0005,AUTO,5
E1385,C0001,IC,5
E0066,C0044,IT,5
E4071,C0026,EC,5
E2030,C0050,IT,5
E4921,C0039,EC,5
E1445,C0027,EC,5
E3452,C0028,IT,5
E2120,C0013,CH,5
E0081,C0038,EE,5
E3409,C0028,EC,5
E4296,C0038,CH,5
E1574,C0011,CSE,5
E4541,C0023,ME,5
E4492,C0046,AUTO,5
E4104,C0025,EE,5
E2717,C0020,CH,5
E3031,C0025,IT,5
E2786,C0049,ME,5
E1127,C0030,IT,5
E0578,C0042,IT,5
E2277,C0032,EC,5
E3945,C0028,CSE,5
E4546,C0026,IT,5
E3949,C0044,CSE,5
E0348,C0024,AUTO,5
E4556,C0011,CH,5
E4686,C0036,IT,5
E0740,C0032,IT,5
E3252,C0016,IT,5
E1778,C0026,CIVIL,5
E3469,C0012,EC,5
E1539,C0019,IT,5
E4421,C0013,CH,5
E1990,C0024,IT,5
E4663,C0007,EC,5
E0144,C0050,IT,5
E3378,C0043,IC,5
E2188,C0012,EC,5
E4092,C0030,CIVIL,5
E3718,C0009,IC,5
E0399,C0050,CH,5
E3002,C0003,CH,5
E2122,C0041,CH,5
E1283,C0033,CH,5
E3432,C0031,EC,5
E3351,C0017,EE,5
E4822,C0034,IC,5
E2953,C0039,IT,5
E0021,C0008,CH,5
E1751,C0050,IC,5
E3790,C0003,ME,5
E4684,C0011,EC,5
E0423,C0039,CH,5
E2219,C0028,ME,5
E1175,C0020,CIVIL,5
E3293,C0015,EC,5
E3982,C0048,CIVIL,5
E1205,C0043,EC,5
E0716,C0047,ME,5
E4747,C0036,AUTO,5
E1817,C0029,CSE,5
E0564,C0031,IC,5
E3370,C0012,CH,5
E4790,C0048,CIVIL,5
E1120,C0047,ME,5
E1963,C0039,AUTO,5
E4468,C0005,AUTO,5
E2279,C0046,IT,5
E0934,C0043,CIVIL,5
E2982,C0049,AUTO,5
E2997,C0019,CH,5
E0077,C0038,CH,5
E1332,C0044,CH,5
E4341,C0034,CSE,5
E2870,C0040,IT,5
E2547,C0011,CH,5
E0845,C0033,EC,5
E2144,C0017,CH,5
E3685,C0015,EE,5
E4395,C0006,IC,5
E3950,C0010,IT,5
E1193,C0019,AUTO,5
E0618,C0024,IT,5
E4698,C0039,CSE,5
E4926,C0034,IC,5
E4757,C0008,ME,5
E1131,C0021,IC,5
E1886,C0011,EC,5
E0723,C0025,IT,5
E0228,C0017,EE,5
E0305,C0005,IT,5
E3168,C0022,IT,5
E4728,C0002,EE,5
E2977,C0050,ME,5
E4130,C0033,IT,5
E2835,C0023,EE,5
E4936,C0023,CIVIL,5
E3066,C0035,EC,5
E2596,C0032,EC,5
E2365,C0030,CH,5
E0549,C0024,CSE,5
E4099,C0029,EE,5
E2174,C0046,ME,5
E2018,C0022,AUTO,5
E4690,C0005,CIVIL,5
E3752,C0033,CH,5
E4500,C0041,EC,5
E0649,C0016,CIVIL,5
E1946,C0036,IT,5
E4552,C0006,CSE,5
E2910,C0029,IT,5
E0885,C0025,EC,5
E2929,C0027,IT,5
E1639,C0025,EE,5
E4362,C0042,EC,5
E3964,C0014,CIVIL,5
E4594,C0009,EE,5
E2134,C0034,EE,5
E0239,C0018,ME,5
E2238,C0037,IC,5
E4192,C0001,AUTO,5
E1554,C0009,EC,5
E4736,C0029,AUTO,5
E0428,C0003,CSE,5
E0409,C0025,IT,5
E4340,C0022,AUTO,5
E0908,C0030,EE,5
E4946,C0012,IT,5
E2074,C0037,EC,5
E4418,C0020,CH,5
E1106,C0013,EE,5
E3569,C0039,EC,5
E2936,C0005,CIVIL,5
E2414,C0031,IT,5
E4897,C0033,CSE,5
E1923,C0025,AUTO,5
E1511,C0044,IC,6
E1534,C0015,EC,6
E0099,C0050,IC,6
E3797,C0013,CH,6
E2288,C0003,EC,6
E1291,C0012,EC,6
E4205,C0014,EC,6
E2726,C0034,EE,6
E2198,C0021,EC,6
E2996,C0037,IC,6
E0400,C0032,EE,6
E4652,C0046,EC,6
E2587,C0024,ME,6
E3140,C0015,EC,6
E0829,C0013,CH,6
E2974,C0044,CIVIL,6
E1943,C0009,IC,6
E2542,C0026,AUTO,6
E3008,C0022,IT,6
E2435,C0037,IC,6
E2514,C0018,EC,6
E4504,C0007,EE,6
E1824,C0045,CH,6
E3274,C0021,CSE,6
E2329,C0030,CIVIL,6
E0129,C0005,CIVIL,6
E4008,C0025,ME,6
E3320,C0022,EC,6
E1785,C0038,CIVIL,6
E2202,C0034,CIVIL,6
E4811,C0027,CIVIL,6
E3580,C0025,EE,6
E2222,C0043,CIVIL,6
E4701,C0017,ME,6
E2663,C0028,CSE,6
E2218,C0046,CIVIL,6
E2115,C0022,CSE,6
E1863,C0014,EE,6
E0939,C0038,CSE,6
E1397,C0006,CSE,6
E1985,C0009,CIVIL,6
E3037,C0027,CIVIL,6
E4028,C0050,ME,6
E1721,C0021,CIVIL,6
E1287,C0010,IT,6
E2359,C0022,CH,6
E1160,C0033,IT,6
E2795,C0044,CIVIL,6
E2984,C0040,CH,6
E4776,C0009,EC,6
E2072,C0018,EE,6
E3993,C0023,CIVIL,6
E0493,C0030,CH,6
E3737,C0024,AUTO,6
E3843,C0018,ME,6
E0321,C0010,IC,6
E2858,C0038,IT,6
E4837,C0014,IT,6
E4103,C0046,AUTO,6
E2110,C0009,CH,6
E0895,C0035,AUTO,6
E4773,C0017,EE,6
E2535,C0009,EE,6
E1567,C0005,AUTO,6
E1385,C0001,IC,6
E0066,C0044,IT,6
E4071,C0026,EC,6
E2030,C0050,IT,6
E4921,C0039,EC,6
E1445,C0027,EC,6
E3452,C0028,IT,6
E2120,C0013,CH,6
E0081,C0038,EE,6
E3409,C0028,EC,6
E4296,C0038,CH,6
E1574,C0011,CSE,6
E4541,C0023,ME,6
E4492,C0046,AUTO,6
E4104,C0025,EE,6
E2717,C0020,CH,6
E3031,C0025,IT,6
E2786,C0049,ME,6
E1127,C0030,IT,6
E0578,C0042,IT,6
E2277,C0032,EC,6
E3945,C0028,CSE,6
E4546,C0026,IT,6
E3949,C0044,CSE,6
E0348,C0024,AUTO,6
E4556,C0011,CH,6
E4686,C0036,IT,6
E0740,C0032,IT,6
E3252,C0016,IT,6
E1778,C0026,CIVIL,6
E3469,C0012,EC,6
E1539,C0019,IT,6
E4421,C0013,CH,6
E1990,C0024,IT,6
E4663,C0007,EC,6
E0144,C0050,IT,6
E3378,C0043,IC,6
E2188,C0012,EC,6
E4092,C0030,CIVIL,6
E3718,C0009,IC,6
E0399,C0050,CH,6
E3002,C0003,CH,6
E2122,C0041,CH,6
E1283,C0033,CH,6
E3432,C0031,EC,6
E3351,C0017,EE,6
E4822,C0034,IC,6
E2953,C0039,IT,6
E0021,C0008,CH,6
E1751,C0050,IC,6
E3790,C0003,ME,6
E4684,C0011,EC,6
E0423,C0039,CH,6
E2219,C0028,ME,6
E1175,C0020,CIVIL,6
E3293,C0015,EC,6
E3982,C0048,CIVIL,6
E1205,C0043,EC,6
E0716,C0047,ME,6
E4747,C0036,AUTO,6
E1817,C0029,CSE,6
E0564,C0031,IC,6
E3370,C0012,CH,6
E4790,C0048,CIVIL,6
E1120,C0047,ME,6
E1963,C0039,AUTO,6
E4468,C0005,AUTO,6
E2279,C0046,IT,6
E0934,C0043,CIVIL,6
E2982,C0049,AUTO,6
E2997,C0019,CH,6
E0077,C0038,CH,6
E1332,C0044,CH,6
E4341,C0034,CSE,6
E2870,C0040,IT,6
E2547,C0011,CH,6
E0845,C0033,EC,6
E2144,C0017,CH,6
E3685,C0015,EE,6
E4395,C0006,IC,6
E3950,C0010,IT,6
E1193,C0019,AUTO,6
E0618,C0024,IT,6
E4698,C0039,CSE,6
E4926,C0034,IC,6
E4757,C0008,ME,6
E1131,C0021,IC,6
E1886,C0011,EC,6
E0723,C0025,IT,6
E0228,C0017,EE,6
E0305,C0005,IT,6
E3168,C0022,IT,6
E4728,C0002,EE,6
E2977,C0050,ME,6
E4130,C0033,IT,6
E2835,C0023,EE,6
E4936,C0023,CIVIL,6
E3066,C0035,EC,6
E2596,C0032,EC,6
E2365,C0030,CH,6
E0549,C0024,CSE,6
E4099,C0029,EE,6
E2174,C0046,ME,6
E2018,C0022,AUTO,6
E4690,C0005,CIVIL,6
E3752,C0033,CH,6
E4500,C0041,EC,6
E0649,C0016,CIVIL,6
E1946,C0036,IT,6
E4552,C0006,CSE,6
E2910,C0029,IT,6
E0885,C0025,EC,6
E2929,C0027,IT,6
E1639,C0025,EE,6
E4362,C0042,EC,6
E3964,C0014,CIVIL,6
E4594,C0009,EE,6
E2134,C0034,EE,6
E0239,C0018,ME,6
E2238,C0037,IC,6
E4192,C0001,AUTO,6
E1554,C0009,EC,6
E4736,C0029,AUTO,6
E0428,C0003,CSE,6
E0409,C0025,IT,6
E4340,C0022,AUTO,6
E0908,C0030,EE,6
E4946,C0012,IT,6
E2074,C0037,EC,6
E4418,C0020,CH,6
E1106,C0013,EE,6
E3569,C0039,EC,6
E2936,C0005,CIVIL,6
E2414,C0031,IT,6
E4897,C0033,CSE,6
E1923,C0025,AUTO,6
E1511,C0044,IC,7
E1534,C0015,EC,7
E0099,C0050,IC,7
E3797,C0013,CH,7
E2288,C0003,EC,7
E1291,C0012,EC,7
E4205,C0014,EC,7
E2726,C0034,EE,7
E2198,C0021,EC,7
E2996,C0037,IC,7
E0400,C0032,EE,7
E4652,C0046,EC,7
E2587,C0024,ME,7
E3140,C0015,EC,7
E0829,C0013,CH,7
E2974,C0044,CIVIL,7
E1943,C0009,IC,7
E2542,C0026,AUTO,7
E3008,C0022,IT,7
E2435,C0037,IC,7
E2514,C0018,EC,7
E4504,C0007,EE,7
E1824,C0045,CH,7
E3274,C0021,CSE,7
E2329,C0030,CIVIL,7
E0129,C0005,CIVIL,7
E4008,C0025,ME,7
E3320,C0022,EC,7
E1785,C0038,CIVIL,7
E2202,C0034,CIVIL,7
E4811,C0027,CIVIL,7
E3580,C0025,EE,7
E2222,C0043,CIVIL,7
E4701,C0017,ME,7
E2663,C0028,CSE,7
E2218,C0046,CIVIL,7
E2115,C0022,CSE,7
E1863,C0014,EE,7
E0939,C0038,CSE,7
E1397,C0006,CSE,7
E1985,C0009,CIVIL,7
E3037,C0027,CIVIL,7
E4028,C0050,ME,7
E1721,C0021,CIVIL,7
E1287,C0010,IT,7
E2359,C0022,CH,7
E1160,C0033,IT,7
E2795,C0044,CIVIL,7
E2984,C0040,CH,7
E4776,C0009,EC,7
E2072,C0018,EE,7
E3993,C0023,CIVIL,7
E0493,C0030,CH,7
E3737,C0024,AUTO,7
E3843,C0018,ME,7
E0321,C0010,IC,7
E2858,C0038,IT,7
E4837,C0014,IT,7
E4103,C0046,AUTO,7
E2110,C0009,CH,7
E0895,C0035,AUTO,7
E4773,C0017,EE,7
E2535,C0009,EE,7
E1567,C0005,AUTO,7
E1385,C0001,IC,7
E0066,C0044,IT,7
E4071,C0026,EC,7
E2030,C0050,IT,7
E4921,C0039,EC,7
E1445,C0027,EC,7
E3452,C0028,IT,7
E2120,C0013,CH,7
E0081,C0038,EE,7
E3409,C0028,EC,7
E4296,C0038,CH,7
E1574,C0011,CSE,7
E4541,C0023,ME,7
E4492,C0046,AUTO,7
E4104,C0025,EE,7
E2717,C0020,CH,7
E3031,C0025,IT,7
E2786,C0049,ME,7
E1127,C0030,IT,7
E0578,C0042,IT,7
E2277,C0032,EC,7
E3945,C0028,CSE,7
E4546,C0026,IT,7
E3949,C0044,CSE,7
E0348,C0024,AUTO,7
E4556,C0011,CH,7
E4686,C0036,IT,7
E0740,C0032,IT,7
E3252,C0016,IT,7
E1778,C0026,CIVIL,7
E3469,C0012,EC,7
E1539,C0019,IT,7
E4421,C0013,CH,7
E1990,C0024,IT,7
E4663,C0007,EC,7
E0144,C0050,IT,7
E3378,C0043,IC,7
E2188,C0012,EC,7
E4092,C0030,CIVIL,7
E3718,C0009,IC,7
E0399,C0050,CH,7
E3002,C0003,CH,7
E2122,C0041,CH,7
E1283,C0033,CH,7
E3432,C0031,EC,7
E3351,C0017,EE,7
E4822,C0034,IC,7
E2953,C0039,IT,7
E0021,C0008,CH,7
E1751,C0050,IC,7
E3790,C0003,ME,7
E4684,C0011,EC,7
E0423,C0039,CH,7
E2219,C0028,ME,7
E1175,C0020,CIVIL,7
E3293,C0015,EC,7
E3982,C0048,CIVIL,7
E1205,C0043,EC,7
E0716,C0047,ME,7
E4747,C0036,AUTO,7
E1817,C0029,CSE,7
E0564,C0031,IC,7
E3370,C0012,CH,7
E4790,C0048,CIVIL,7
E1120,C0047,ME,7
E1963,C0039,AUTO,7
E4468,C0005,AUTO,7
E2279,C0046,IT,7
E0934,C0043,CIVIL,7
E2982,C0049,AUTO,7
E2997,C0019,CH,7
E0077,C0038,CH,7
E1332,C0044,CH,7
E4341,C0034,CSE,7
E2870,C0040,IT,7
E2547,C0011,CH,7
E0845,C0033,EC,7
E2144,C0017,CH,7
E3685,C0015,EE,7
E4395,C0006,IC,7
E3950,C0010,IT,7
E1193,C0019,AUTO,7
E0618,C0024,IT,7
E4698,C0039,CSE,7
E4926,C0034,IC,7
E4757,C0008,ME,7
E1131,C0021,IC,7
E1886,C0011,EC,7
E0723,C0025,IT,7
E0228,C0017,EE,7
E0305,C0005,IT,7
E3168,C0022,IT,7
E4728,C0002,EE,7
E2977,C0050,ME,7
E4130,C0033,IT,7
E2835,C0023,EE,7
E4936,C0023,CIVIL,7
E3066,C0035,EC,7
E2596,C0032,EC,7
E2365,C0030,CH,7
E0549,C0024,CSE,7
E4099,C0029,EE,7
E2174,C0046,ME,7
E2018,C0022,AUTO,7
E4690,C0005,CIVIL,7
E3752,C0033,CH,7
E4500,C0041,EC,7
E0649,C0016,CIVIL,7
E1946,C0036,IT,7
E4552,C0006,CSE,7
E2910,C0029,IT,7
E0885,C0025,EC,7
E2929,C0027,IT,7
E1639,C0025,EE,7
E4362,C0042,EC,7
E3964,C0014,CIVIL,7
E4594,C0009,EE,7
E2134,C0034,EE,7
E0239,C0018,ME,7
E2238,C0037,IC,7
E4192,C0001,AUTO,7
E1554,C0009,EC,7
E4736,C0029,AUTO,7
E0428,C0003,CSE,7
E0409,C0025,IT,7
E4340,C0022,AUTO,7
E0908,C0030,EE,7
E4946,C0012,IT,7
E2074,C0037,EC,7
E4418,C0020,CH,7
E1106,C0013,EE,7
E3569,C0039,EC,7
E2936,C0005,CIVIL,7
E2414,C0031,IT,7
E4897,C0033,CSE,7
E1923,C0025,AUTO,7
E1511,C0044,IC,8
E1534,C0015,EC,8
E0099,C0050,IC,8
E3797,C0013,CH,8
E2288,C0003,EC,8
E1291,C0012,EC,8
E4205,C0014,EC,8
E2726,C0034,EE,8
E2198,C0021,EC,8
E2996,C0037,IC,8
E0400,C0032,EE,8
E4652,C0046,EC,8
E2587,C0024,ME,8
E3140,C0015,EC,8
E0829,C0013,CH,8
E2974,C0044,CIVIL,8
E1943,C0009,IC,8
E2542,C0026,AUTO,8
E3008,C0022,IT,8
E2435,C0037,IC,8
E2514,C0018,EC,8
E4504,C0007,EE,8
E1824,C0045,CH,8
E3274,C0021,CSE,8
E2329,C0030,CIVIL,8
E0129,C0005,CIVIL,8
E4008,C0025,ME,8
E3320,C0022,EC,8
E1785,C0038,CIVIL,8
E2202,C0034,CIVIL,8
E4811,C0027,CIVIL,8
E3580,C0025,EE,8
E2222,C0043,CIVIL,8
E4701,C0017,ME,8
E2663,C0028,CSE,8
E2218,C0046,CIVIL,8
E2115,C0022,CSE,8
E1863,C0014,EE,8
E0939,C0038,CSE,8
E1397,C0006,CSE,8
E1985,C0009,CIVIL,8
E3037,C0027,CIVIL,8
E4028,C0050,ME,8
E1721,C0021,CIVIL,8
E1287,C0010,IT,8
E2359,C0022,CH,8
E1160,C0033,IT,8
E2795,C0044,CIVIL,8
E2984,C0040,CH,8
E4776,C0009,EC,8
E2072,C0018,EE,8
E3993,C0023,CIVIL,8
E0493,C0030,CH,8
E3737,C0024,AUTO,8
E3843,C0018,ME,8
E0321,C0010,IC,8
E2858,C0038,IT,8
E4837,C0014,IT,8
E4103,C0046,AUTO,8
E2110,C0009,CH,8
E0895,C0035,AUTO,8
E4773,C0017,EE,8
E2535,C0009,EE,8
E1567,C0005,AUTO,8
E1385,C0001,IC,8
E0066,C0044,IT,8
E4071,C0026,EC,8
E2030,C0050,IT,8
E4921,C0039,EC,8
E1445,C0027,EC,8
E3452,C0028,IT,8
E2120,C0013,CH,8
E0081,C0038,EE,8
E3409,C0028,EC,8
E4296,C0038,CH,8
E1574,C0011,CSE,8
E4541,C0023,ME,8
E4492,C0046,AUTO,8
E4104,C0025,EE,8
E2717,C0020,CH,8
E3031,C0025,IT,8
E2786,C0049,ME,8
E1127,C0030,IT,8
E0578,C0042,IT,8
E2277,C0032,EC,8
E3945,C0028,CSE,8
E4546,C0026,IT,8
E3949,C0044,CSE,8
E0348,C0024,AUTO,8
E4556,C0011,CH,8
E4686,C0036,IT,8
E0740,C0032,IT,8
E3252,C0016,IT,8
E1778,C0026,CIVIL,8
E3469,C0012,EC,8
E1539,C0019,IT,8
E4421,C0013,CH,8
E1990,C0024,IT,8
E4663,C0007,EC,8
E0144,C0050,IT,8
E3378,C0043,IC,8
E2188,C0012,EC,8
E4092,C0030,CIVIL,8
E3718,C0009,IC,8
E0399,C0050,CH,8
E3002,C0003,CH,8
E2122,C0041,CH,8
E1283,C0033,CH,8
E3432,C0031,EC,8
E3351,C0017,EE,8
E4822,C0034,IC,8
E2953,C0039,IT,8
E0021,C0008,CH,8
E1751,C0050,IC,8
E3790,C0003,ME,8
E4684,C0011,EC,8
E0423,C0039,CH,8
E2219,C0028,ME,8
E1175,C0020,CIVIL,8
E3293,C0015,EC,8
E3982,C0048,CIVIL,8
E1205,C0043,EC,8
E0716,C0047,ME,8
E4747,C0036,AUTO,8
E1817,C0029,CSE,8
E0564,C0031,IC,8
E3370,C0012,CH,8
E4790,C0048,CIVIL,8
E1120,C0047,ME,8
E1963,C0039,AUTO,8
E4468,C0005,AUTO,8
E2279,C0046,IT,8
E0934,C0043,CIVIL,8
E2982,C0049,AUTO,8
E2997,C0019,CH,8
E0077,C0038,CH,8
E1332,C0044,CH,8
E4341,C0034,CSE,8
E2870,C0040,IT,8
E2547,C0011,CH,8
E0845,C0033,EC,8
E2144,C0017,CH,8
E3685,C0015,EE,8
E4395,C0006,IC,8
E3950,C0010,IT,8
E1193,C0019,AUTO,8
E0618,C0024,IT,8
E4698,C0039,CSE,8
E4926,C0034,IC,8
E4757,C0008,ME,8
E1131,C0021,IC,8
E1886,C0011,EC,8
E0723,C0025,IT,8
E0228,C0017,EE,8
E0305,C0005,IT,8
E3168,C0022,IT,8
E4728,C0002,EE,8
E2977,C0050,ME,8
E4130,C0033,IT,8
E2835,C0023,EE,8
E4936,C0023,CIVIL,8
E3066,C0035,EC,8
E2596,C0032,EC,8
E2365,C0030,CH,8
E0549,C0024,CSE,8
E4099,C0029,EE,8
E2174,C0046,ME,8
E2018,C0022,AUTO,8
E4690,C0005,CIVIL,8
E3752,C0033,CH,8
E4500,C0041,EC,8
E0649,C0016,CIVIL,8
E1946,C0036,IT,8
E4552,C0006,CSE,8
E2910,C0029,IT,8
E0885,C0025,EC,8
E2929,C0027,IT,8
E1639,C0025,EE,8
E4362,C0042,EC,8
E3964,C0014,CIVIL,8
E4594,C0009,EE,8
E2134,C0034,EE,8
E0239,C0018,ME,8
E2238,C0037,IC,8
E4192,C0001,AUTO,8
E1554,C0009,EC,8
E4736,C0029,AUTO,8
E0428,C0003,CSE,8
E0409,C0025,IT,8
E4340,C0022,AUTO,8
E0908,C0030,EE,8
E4946,C0012,IT,8
E2074,C0037,EC,8
E4418,C0020,CH,8
E1106,C0013,EE,8
E3569,C0039,EC,8
E2936,C0005,CIVIL,8
E2414,C0031,IT,8
E4897,C0033,CSE,8
E1923,C0025,AUTO,8
E1511,C0044,IC,9
E1534,C0015,EC,9
E0099,C0050,IC,9
E3797,C0013,CH,9
E2288,C0003,EC,9
E1291,C0012,EC,9
E4205,C0014,EC,9
E2726,C0034,EE,9
E2198,C0021,EC,9
E2996,C0037,IC,9
E0400,C0032,EE,9
E4652,C0046,EC,9
E2587,C0024,ME,9
E3140,C0015,EC,9
E0829,C0013,CH,9
E2974,C0044,CIVIL,9
E1943,C0009,IC,9
E2542,C0026,AUTO,9
E3008,C0022,IT,9
E2435,C0037,IC,9
E2514,C0018,EC,9
E4504,C0007,EE,9
E1824,C0045,CH,9
E3274,C0021,CSE,9
E2329,C0030,CIVIL,9
E0129,C0005,CIVIL,9
E4008,C0025,ME,9
E3320,C0022,EC,9
E1785,C0038,CIVIL,9
E2202,C0034,CIVIL,9
E4811,C0027,CIVIL,9
E3580,C0025,EE,9
E2222,C0043,CIVIL,9
E4701,C0017,ME,9
E2663,C0028,CSE,9
E2218,C0046,CIVIL,9
E2115,C0022,CSE,9
E1863,C0014,EE,9
E0939,C0038,CSE,9
E1397,C0006,CSE,9
E1985,C0009,CIVIL,9
E3037,C0027,CIVIL,9
E4028,C0050,ME,9
E1721,C0021,CIVIL,9
E1287,C0010,IT,9
E2359,C0022,CH,9
E1160,C0033,IT,9
E2795,C0044,CIVIL,9
E2984,C0040,CH,9
E4776,C0009,EC,9
E2072,C0018,EE,9
E3993,C0023,CIVIL,9
E0493,C0030,CH,9
E3737,C0024,AUTO,9
E3843,C0018,ME,9
E0321,C0010,IC,9
E2858,C0038,IT,9
E4837,C0014,IT,9
E4103,C0046,AUTO,9
E2110,C0009,CH,9
E0895,C0035,AUTO,9
E4773,C0017,EE,9
E2535,C0009,EE,9
E1567,C0005,AUTO,9
E1385,C0001,IC,9
E0066,C0044,IT,9
E4071,C0026,EC,9
E2030,C0050,IT,9
E4921,C0039,EC,9
E1445,C0027,EC,9
E3452,C0028,IT,9
E2120,C0013,CH,9
E0081,C0038,EE,9
E3409,C0028,EC,9
E4296,C0038,CH,9
E1574,C0011,CSE,9
E4541,C0023,ME,9
E4492,C0046,AUTO,9
E4104,C0025,EE,9
E2717,C0020,CH,9
E3031,C0025,IT,9
E2786,C0049,ME,9
E1127,C0030,IT,9
E0578,C0042,IT,9
E2277,C0032,EC,9
E3945,C0028,CSE,9
E4546,C0026,IT,9
E3949,C0044,CSE,9
E0348,C0024,AUTO,9
E4556,C0011,CH,9
E4686,C0036,IT,9
E0740,C0032,IT,9
E3252,C0016,IT,9
E1778,C0026,CIVIL,9
E3469,C0012,EC,9
E1539,C0019,IT,9
E4421,C0013,CH,9
E1990,C0024,IT,9
E4663,C0007,EC,9
E0144,C0050,IT,9
E3378,C0043,IC,9
E2188,C0012,EC,9
E4092,C0030,CIVIL,9
E3718,C0009,IC,9
E0399,C0050,CH,9
E3002,C0003,CH,9
E2122,C0041,CH,9
E1283,C0033,CH,9
E3432,C0031,EC,9
E3351,C0017,EE,9
E4822,C0034,IC,9
E2953,C0039,IT,9
E0021,C0008,CH,9
E1751,C0050,IC,9
E3790,C0003,ME,9
E4684,C0011,EC,9
E0423,C0039,CH,9
E2219,C0028,ME,9
E1175,C0020,CIVIL,9
E3293,C0015,EC,9
E3982,C0048,CIVIL,9
E1205,C0043,EC,9
E0716,C0047,ME,9
E4747,C0036,AUTO,9
E1817,C0029,CSE,9
E0564,C0031,IC,9
E3370,C0012,CH,9
E4790,C0048,CIVIL,9
E1120,C0047,ME,9
E1963,C0039,AUTO,9
E4468,C0005,AUTO,9
E2279,C0046,IT,9
E0934,C0043,CIVIL,9
E2982,C0049,AUTO,9
E2997,C0019,CH,9
E0077,C0038,CH,9
E1332,C0044,CH,9
E4341,C0034,CSE,9
E2870,C0040,IT,9
E2547,C0011,CH,9
E0845,C0033,EC,9
E2144,C0017,CH,9
E3685,C0015,EE,9
E4395,C0006,IC,9
E3950,C0010,IT,9
E1193,C0019,AUTO,9
E0618,C0024,IT,9
E4698,C0039,CSE,9
E4926,C0034,IC,9
E4757,C0008,ME,9
E1131,C0021,IC,9
E1886,C0011,EC,9
E0723,C0025,IT,9
E0228,C0017,EE,9
E0305,C0005,IT,9
E3168,C0022,IT,9
E4728,C0002,EE,9
E2977,C0050,ME,9
E4130,C0033,IT,9
E2835,C0023,EE,9
E4936,C0023,CIVIL,9
E3066,C0035,EC,9
E2596,C0032,EC,9
E2365,C0030,CH,9
E0549,C0024,CSE,9
E4099,C0029,EE,9
E2174,C0046,ME,9
E2018,C0022,AUTO,9
E4690,C0005,CIVIL,9
E3752,C0033,CH,9
E4500,C0041,EC,9
E0649,C0016,CIVIL,9
E1946,C0036,IT,9
E4552,C0006,CSE,9
E2910,C0029,IT,9
E0885,C0025,EC,9
E2929,C0027,IT,9
E1639,C0025,EE,9
E4362,C0042,EC,9
E3964,C0014,CIVIL,9
E4594,C0009,EE,9
E2134,C0034,EE,9
E0239,C0018,ME,9
E2238,C0037,IC,9
E4192,C0001,AUTO,9
E1554,C0009,EC,9
E4736,C0029,AUTO,9
E0428,C0003,CSE,9
E0409,C0025,IT,9
E4340,C0022,AUTO,9
E0908,C0030,EE,9
E4946,C0012,IT,9
E2074,C0037,EC,9
E4418,C0020,CH,9
E1106,C0013,EE,9
E3569,C0039,EC,9
E2936,C0005,CIVIL,9
E2414,C0031,IT,9
E4897,C0033,CSE,9
E1923,C0025,AUTO,9
E1511,C0044,IC,10
E1534,C0015,EC,10
E0099,C0050,IC,10
E3797,C0013,CH,10
E2288,C0003,EC,10
E1291,C0012,EC,10
E4205,C0014,EC,10
E2726,C0034,EE,10
E2198,C0021,EC,10
E2996,C0037,IC,10
E0400,C0032,EE,10
E4652,C0046,EC,10
E2587,C0024,ME,10
E3140,C0015,EC,10
E0829,C0013,CH,10
E2974,C0044,CIVIL,10
E1943,C0009,IC,10
E2542,C0026,AUTO,10
E3008,C0022,IT,10
E2435,C0037,IC,10
E2514,C0018,EC,10
E4504,C0007,EE,10
E1824,C0045,CH,10
E3274,C0021,CSE,10
E2329,C0030,CIVIL,10
E0129,C0005,CIVIL,10
E4008,C0025,ME,10
E3320,C0022,EC,10
E1785,C0038,CIVIL,10
E2202,C0034,CIVIL,10
E4811,C0027,CIVIL,10
E3580,C0025,EE,10
E2222,C0043,CIVIL,10
E4701,C0017,ME,10
E2663,C0028,CSE,10
E2218,C0046,CIVIL,10
E2115,C0022,CSE,10
E1863,C0014,EE,10
E0939,C0038,CSE,10
E1397,C0006,CSE,10
E1985,C0009,CIVIL,10
E3037,C0027,CIVIL,10
E4028,C0050,ME,10
E1721,C0021,CIVIL,10
E1287,C0010,IT,10
E2359,C0022,CH,10
E1160,C0033,IT,10
E2795,C0044,CIVIL,10
E2984,C0040,CH,10
E4776,C0009,EC,10
E2072,C0018,EE,10
E3993,C0023,CIVIL,10
E0493,C0030,CH,10
E3737,C0024,AUTO,10
E3843,C0018,ME,10
E0321,C0010,IC,10
E2858,C0038,IT,10
E4837,C0014,IT,10
E4103,C0046,AUTO,10
E2110,C0009,CH,10
E0895,C0035,AUTO,10
E4773,C0017,EE,10
E2535,C0009,EE,10
E1567,C0005,AUTO,10
E1385,C0001,IC,10
E0066,C0044,IT,10
E4071,C0026,EC,10
E2030,C0050,IT,10
E4921,C0039,EC,10
E1445,C0027,EC,10
E3452,C0028,IT,10
E2120,C0013,CH,10
E0081,C0038,EE,10
E3409,C0028,EC,10
E4296,C0038,CH,10
E1574,C0011,CSE,10
E4541,C0023,ME,10
E4492,C0046,AUTO,10
E4104,C0025,EE,10
E2717,C0020,CH,10
E3031,C0025,IT,10
E2786,C0049,ME,10
E1127,C0030,IT,10
E0578,C0042,IT,10
E2277,C0032,EC,10
E3945,C0028,CSE,10
E4546,C0026,IT,10
E3949,C0044,CSE,10
E0348,C0024,AUTO,10
E4556,C0011,CH,10
E4686,C0036,IT,10
E0740,C0032,IT,10
E3252,C0016,IT,10
E1778,C0026,CIVIL,10
E3469,C0012,EC,10
E1539,C0019,IT,10
E4421,C0013,CH,10
E1990,C0024,IT,10
E4663,C0007,EC,10
E0144,C0050,IT,10
E3378,C0043,IC,10
E2188,C0012,EC,10
E4092,C0030,CIVIL,10
E3718,C0009,IC,10
E0399,C0050,CH,10
E3002,C0003,CH,10
E2122,C0041,CH,10
E1283,C0033,CH,10
E3432,C0031,EC,10
E3351,C0017,EE,10
E4822,C0034,IC,10
E2953,C0039,IT,10
E0021,C0008,CH,10
E1751,C0050,IC,10
E3790,C0003,ME,10
E4684,C0011,EC,10
E0423,C0039,CH,10
E2219,C0028,ME,10
E1175,C0020,CIVIL,10
E3293,C0015,EC,10
E3982,C0048,CIVIL,10
E1205,C0043,EC,10
E0716,C0047,ME,10
E4747,C0036,AUTO,10
E1817,C0029,CSE,10
E0564,C0031,IC,10
E3370,C0012,CH,10
E4790,C0048,CIVIL,10
E1120,C0047,ME,10
E1963,C0039,AUTO,10
E4468,C0005,AUTO,10
E2279,C0046,IT,10
E0934,C0043,CIVIL,10
E2982,C0049,AUTO,10
E2997,C0019,CH,10
E0077,C0038,CH,10
E1332,C0044,CH,10
E4341,C0034,CSE,10
E2870,C0040,IT,10
E2547,C0011,CH,10
E0845,C0033,EC,10
E2144,C0017,CH,10
E3685,C0015,EE,10
E4395,C0006,IC,10
E3950,C0010,IT,10
E1193,C0019,AUTO,10
E0618,C0024,IT,10
E4698,C0039,CSE,10
E4926,C0034,IC,10
E4757,C0008,ME,10
E1131,C0021,IC,10
E1886,C0011,EC,10
E0723,C0025,IT,10
E0228,C0017,EE,10
E0305,C0005,IT,10
E3168,C0022,IT,10
E4728,C0002,EE,10
E2977,C0050,ME,10
E4130,C0033,IT,10
E2835,C0023,EE,10
E4936,C0023,CIVIL,10
E3066,C0035,EC,10
E2596,C0032,EC,10
E2365,C0030,CH,10
E0549,C0024,CSE,10
E4099,C0029,EE,10
E2174,C0046,ME,10
E2018,C0022,AUTO,10
E4690,C0005,CIVIL,10
E3752,C0033,CH,10
E4500,C0041,EC,10
E0649,C0016,CIVIL,10
E1946,C0036,IT,10
E4552,C0006,CSE,10
E2910,C0029,IT,10
E0885,C0025,EC,10
E2929,C0027,IT,10
E1639,C0025,EE,10
E4362,C0042,EC,10
E3964,C0014,CIVIL,10
E4594,C0009,EE,10
E2134,C0034,EE,10
E0239,C0018,ME,10
E2238,C0037,IC,10
E4192,C0001,AUTO,10
E1554,C0009,EC,10
E4736,C0029,AUTO,10
E0428,C0003,CSE,10
E0409,C0025,IT,10
E4340,C0022,AUTO,10
E0908,C0030,EE,10
E4946,C0012,IT,10
E2074,C0037,EC,10
E4418,C0020,CH,10
E1106,C0013,EE,10
E3569,C0039,EC,10
E2936,C0005,CIVIL,10
E2414,C0031,IT,10
E4897,C0033,CSE,10
E1923,C0025,AUTO,10
E1511,C0044,IC,11
E1534,C0015,EC,11
E0099,C0050,IC,11
E3797,C0013,CH,11
E2288,C0003,EC,11
E1291,C0012,EC,11
E4205,C0014,EC,11
E2726,C0034,EE,11
E2198,C0021,EC,11
E2996,C0037,IC,11
E0400,C0032,EE,11
E4652,C0046,EC,11
E2587,C0024,ME,11
E3140,C0015,EC,11
E0829,C0013,CH,11
E2974,C0044,CIVIL,11
E1943,C0009,IC,11
E2542,C0026,AUTO,11
E3008,C0022,IT,11
E2435,C0037,IC,11
E2514,C0018,EC,11
E4504,C0007,EE,11
E1824,C0045,CH,11
E3274,C0021,CSE,11
E2329,C0030,CIVIL,11
E0129,C0005,CIVIL,11
E4008,C0025,ME,11
E3320,C0022,EC,11
E1785,C0038,CIVIL,11
E2202,C0034,CIVIL,11
E4811,C0027,CIVIL,11
E3580,C0025,EE,11
E2222,C0043,CIVIL,11
E4701,C0017,ME,11
E2663,C0028,CSE,11
E2218,C0046,CIVIL,11
E2115,C0022,CSE,11
E1863,C0014,EE,11
E0939,C0038,CSE,11
E1397,C0006,CSE,11
E1985,C0009,CIVIL,11
E3037,C0027,CIVIL,11
E4028,C0050,ME,11
E1721,C0021,CIVIL,11
E1287,C0010,IT,11
E2359,C0022,CH,11
E1160,C0033,IT,11
E2795,C0044,CIVIL,11
E2984,C0040,CH,11
E4776,C0009,EC,11
E2072,C0018,EE,11
E3993,C0023,CIVIL,11
E0493,C0030,CH,11
E3737,C0024,AUTO,11
E3843,C0018,ME,11
E0321,C0010,IC,11
E2858,C0038,IT,11
E4837,C0014,IT,11
E4103,C0046,AUTO,11
E2110,C0009,CH,11
E0895,C0035,AUTO,11
E4773,C0017,EE,11
E2535,C0009,EE,11
E1567,C0005,AUTO,11
E1385,C0001,IC,11
E0066,C0044,IT,11
E4071,C0026,EC,11
E2030,C0050,IT,11
E4921,C0039,EC,11
E1445,C0027,EC,11
E3452,C0028,IT,11
E2120,C0013,CH,11
E0081,C0038,EE,11
E3409,C0028,EC,11
E4296,C0038,CH,11
E1574,C0011,CSE,11
E4541,C0023,ME,11
E4492,C0046,AUTO,11
E4104,C0025,EE,11
E2717,C0020,CH,11
E3031,C0025,IT,11
E2786,C0049,ME,11
E1127,C0030,IT,11
E0578,C0042,IT,11
E2277,C0032,EC,11
E3945,C0028,CSE,11
E4546,C0026,IT,11
E3949,C0044,CSE,11
E0348,C0024,AUTO,11
E4556,C0011,CH,11
E4686,C0036,IT,11
E0740,C0032,IT,11
E3252,C0016,IT,11
E1778,C0026,CIVIL,11
E3469,C0012,EC,11
E1539,C0019,IT,11
E4421,C0013,CH,11
E1990,C0024,IT,11
E4663,C0007,EC,11
E0144,C0050,IT,11
E3378,C0043,IC,11
E2188,C0012,EC,11
E4092,C0030,CIVIL,11
E3718,C0009,IC,11
E0399,C0050,CH,11
E3002,C0003,CH,11
E2122,C0041,CH,11
E1283,C0033,CH,11
E3432,C0031,EC,11
E3351,C0017,EE,11
E4822,C0034,IC,11
E2953,C0039,IT,11
E0021,C0008,CH,11
E1751,C0050,IC,11
E3790,C0003,ME,11
E4684,C0011,EC,11
E0423,C0039,CH,11
E2219,C0028,ME,11
E1175,C0020,CIVIL,11
E3293,C0015,EC,11
E3982,C0048,CIVIL,11
E1205,C0043,EC,11
E0716,C0047,ME,11
E4747,C0036,AUTO,11
E1817,C0029,CSE,11
E0564,C0031,IC,11
E3370,C0012,CH,11
E4790,C0048,CIVIL,11
E1120,C0047,ME,11
E1963,C0039,AUTO,11
E4468,C0005,AUTO,11
E2279,C0046,IT,11
E0934,C0043,CIVIL,11
E2982,C0049,AUTO,11
E2997,C0019,CH,11
E0077,C0038,CH,11
E1332,C0044,CH,11
E4341,C0034,CSE,11
E2870,C0040,IT,11
E2547,C0011,CH,11
E0845,C0033,EC,11
E2144,C0017,CH,11
E3685,C0015,EE,11
E4395,C0006,IC,11
E3950,C0010,IT,11
E1193,C0019,AUTO,11
E0618,C0024,IT,11
E4698,C0039,CSE,11
E4926,C0034,IC,11
E4757,C0008,ME,11
E1131,C0021,IC,11
E1886,C0011,EC,11
E0723,C0025,IT,11
E0228,C0017,EE,11
E0305,C0005,IT,11
E3168,C0022,IT,11
E4728,C0002,EE,11
E2977,C0050,ME,11
E4130,C0033,IT,11
E2835,C0023,EE,11
E4936,C0023,CIVIL,11
E3066,C0035,EC,11
E2596,C0032,EC,11
E2365,C0030,CH,11
E0549,C0024,CSE,11
E4099,C0029,EE,11
E2174,C0046,ME,11
E2018,C0022,AUTO,11
E4690,C0005,CIVIL,11
E3752,C0033,CH,11
E4500,C0041,EC,11
E0649,C0016,CIVIL,11
E1946,C0036,IT,11
E4552,C0006,CSE,11
E2910,C0029,IT,11
E0885,C0025,EC,11
E2929,C0027,IT,11
E1639,C0025,EE,11
E4362,C0042,EC,11
E3964,C0014,CIVIL,11
E4594,C0009,EE,11
E2134,C0034,EE,11
E0239,C0018,ME,11
E2238,C0037,IC,11
E4192,C0001,AUTO,11
E1554,C0009,EC,11
E4736,C0029,AUTO,11
E0428,C0003,CSE,11
E0409,C0025,IT,11
E4340,C0022,AUTO,11
E0908,C0030,EE,11
E4946,C0012,IT,11
E2074,C0037,EC,11
E4418,C0020,CH,11
E1106,C0013,EE,11
E3569,C0039,EC,11
E2936,C0005,CIVIL,11
E2414,C0031,IT,11
E4897,C0033,CSE,11
E1923,C0025,AUTO,11
E1511,C0044,IC,12
E1534,C0015,EC,12
E0099,C0050,IC,12
E3797,C0013,CH,12
E2288,C0003,EC,12
E1291,C0012,EC,12
E4205,C0014,EC,12
E2726,C0034,EE,12
E2198,C0021,EC,12
E2996,C0037,IC,12
E0400,C0032,EE,12
E4652,C0046,EC,12
E2587,C0024,ME,12
E3140,C0015,EC,12
E0829,C0013,CH,12
E2974,C0044,CIVIL,12
E1943,C0009,IC,12
E2542,C0026,AUTO,12
E3008,C0022,IT,12
E2435,C0037,IC,12
E2514,C0018,EC,12
E4504,C0007,EE,12
E1824,C0045,CH,12
E3274,C0021,CSE,12
E2329,C0030,CIVIL,12
E0129,C0005,CIVIL,12
E4008,C0025,ME,12
E3320,C0022,EC,12
E1785,C0038,CIVIL,12
E2202,C0034,CIVIL,12
E4811,C0027,CIVIL,12
E3580,C0025,EE,12
E2222,C0043,CIVIL,12
E4701,C0017,ME,12
E2663,C0028,CSE,12
E2218,C0046,CIVIL,12
E2115,C0022,CSE,12
E1863,C0014,EE,12
E0939,C0038,CSE,12
E1397,C0006,CSE,12
E1985,C0009,CIVIL,12
E3037,C0027,CIVIL,12
E4028,C0050,ME,12
E1721,C0021,CIVIL,12
E1287,C0010,IT,12
E2359,C0022,CH,12
E1160,C0033,IT,12
E2795,C0044,CIVIL,12
E2984,C0040,CH,12
E4776,C0009,EC,12
E2072,C0018,EE,12
E3993,C0023,CIVIL,12
E0493,C0030,CH,12
E3737,C0024,AUTO,12
E3843,C0018,ME,12
E0321,C0010,IC,12
E2858,C0038,IT,12
E4837,C0014,IT,12
E4103,C0046,AUTO,12
E2110,C0009,CH,12
E0895,C0035,AUTO,12
E4773,C0017,EE,12
E2535,C0009,EE,12
E1567,C0005,AUTO,12
E1385,C0001,IC,12
E0066,C0044,IT,12
E4071,C0026,EC,12
E2030,C0050,IT,12
E4921,C0039,EC,12
E1445,C0027,EC,12
E3452,C0028,IT,12
E2120,C0013,CH,12
E0081,C0038,EE,12
E3409,C0028,EC,12
E4296,C0038,CH,12
E1574,C0011,CSE,12
E4541,C0023,ME,12
E4492,C0046,AUTO,12
E4104,C0025,EE,12
E2717,C0020,CH,12
E3031,C0025,IT,12
E2786,C0049,ME,12
E1127,C0030,IT,12
E0578,C0042,IT,12
E2277,C0032,EC,12
E3945,C0028,CSE,12
E4546,C0026,IT,12
E3949,C0044,CSE,12
E0348,C0024,AUTO,12
E4556,C0011,CH,12
E4686,C0036,IT,12
E0740,C0032,IT,12
E3252,C0016,IT,12
E1778,C0026,CIVIL,12
E3469,C0012,EC,12
E1539,C0019,IT,12
E4421,C0013,CH,12
E1990,C0024,IT,12
E4663,C0007,EC,12
E0144,C0050,IT,12
E3378,C0043,IC,12
E2188,C0012,EC,12
E4092,C0030,CIVIL,12
E3718,C0009,IC,12
E0399,C0050,CH,12
E3002,C0003,CH,12
E2122,C0041,CH,12
E1283,C0033,CH,12
E3432,C0031,EC,12
E3351,C0017,EE,12
E4822,C0034,IC,12
E2953,C0039,IT,12
E0021,C0008,CH,12
E1751,C0050,IC,12
E3790,C0003,ME,12
E4684,C0011,EC,12
E0423,C0039,CH,12
E2219,C0028,ME,12
E1175,C0020,CIVIL,12
E3293,C0015,EC,12
E3982,C0048,CIVIL,12
E1205,C0043,EC,12
E0716,C0047,ME,12
E4747,C0036,AUTO,12
E1817,C0029,CSE,12
E0564,C0031,IC,12
E3370,C0012,CH,12
E4790,C0048,CIVIL,12
E1120,C0047,ME,12
E1963,C0039,AUTO,12
E4468,C0005,AUTO,12
E2279,C0046,IT,12
E0934,C0043,CIVIL,12
E2982,C0049,AUTO,12
E2997,C0019,CH,12
E0077,C0038,CH,12
E1332,C0044,CH,12
E4341,C0034,CSE,12
E2870,C0040,IT,12
E2547,C0011,CH,12
E0845,C0033,EC,12
E2144,C0017,CH,12
E3685,C0015,EE,12
E4395,C0006,IC,12
E3950,C0010,IT,12
E1193,C0019,AUTO,12
E0618,C0024,IT,12
E4698,C0039,CSE,12
E4926,C0034,IC,12
E4757,C0008,ME,12
E1131,C0021,IC,12
E1886,C0011,EC,12
E0723,C0025,IT,12
E0228,C0017,EE,12
E0305,C0005,IT,12
E3168,C0022,IT,12
E4728,C0002,EE,12
E2977,C0050,ME,12
E4130,C0033,IT,12
E2835,C0023,EE,12
E4936,C0023,CIVIL,12
E3066,C0035,EC,12
E2596,C0032,EC,12
E2365,C0030,CH,12
E0549,C0024,CSE,12
E4099,C0029,EE,12
E2174,C0046,ME,12
E2018,C0022,AUTO,12
E4690,C0005,CIVIL,12
E3752,C0033,CH,12
E4500,C0041,EC,12
E0649,C0016,CIVIL,12
E1946,C0036,IT,12
E4552,C0006,CSE,12
E2910,C0029,IT,12
E0885,C0025,EC,12
E2929,C0027,IT,12
E1639,C0025,EE,12
E4362,C0042,EC,12
E3964,C0014,CIVIL,12
E4594,C0009,EE,12
E2134,C0034,EE,12
E0239,C0018,ME,12
E2238,C0037,IC,12
E4192,C0001,AUTO,12
E1554,C0009,EC,12
E4736,C0029,AUTO,12
E0428,C0003,CSE,12
E0409,C0025,IT,12
E4340,C0022,AUTO,12
E0908,C0030,EE,12
E4946,C0012,IT,12
E2074,C0037,EC,12
E4418,C0020,CH,12
E1106,C0013,EE,12
E3569,C0039,EC,12
E2936,C0005,CIVIL,12
E2414,C0031,IT,12
E4897,C0033,CSE,12
E1923,C0025,AUTO,12
E1511,C0044,IC,13
E1534,C0015,EC,13
E0099,C0050,IC,13
E3797,C0013,CH,13
E2288,C0003,EC,13
E1291,C0012,EC,13
E4205,C0014,EC,13
E2726,C0034,EE,13
E2198,C0021,EC,13
E2996,C0037,IC,13
E0400,C0032,EE,13
E4652,C0046,EC,13
E2587,C0024,ME,13
E3140,C0015,EC,13
E0829,C0013,CH,13
E2974,C0044,CIVIL,13
E1943,C0009,IC,13
E2542,C0026,AUTO,13
E3008,C0022,IT,13
E2435,C0037,IC,13
E2514,C0018,EC,13
E4504,C0007,EE,13
E1824,C0045,CH,13
E3274,C0021,CSE,13
E2329,C0030,CIVIL,13
E0129,C0005,CIVIL,13
E4008,C0025,ME,13
E3320,C0022,EC,13
E1785,C0038,CIVIL,13
E2202,C0034,CIVIL,13
E4811,C0027,CIVIL,13
E3580,C0025,EE,13
E2222,C0043,CIVIL,13
E4701,C0017,ME,13
E2663,C0028,CSE,13
E2218,C0046,CIVIL,13
E2115,C0022,CSE,13
E1863,C0014,EE,13
E0939,C0038,CSE,13
E1397,C0006,CSE,13
E1985,C0009,CIVIL,13
E3037,C0027,CIVIL,13
E4028,C0050,ME,13
E1721,C0021,CIVIL,13
E1287,C0010,IT,13
E2359,C0022,CH,13
E1160,C0033,IT,13
E2795,C0044,CIVIL,13
E2984,C0040,CH,13
E4776,C0009,EC,13
E2072,C0018,EE,13
E3993,C0023,CIVIL,13
E0493,C0030,CH,13
E3737,C0024,AUTO,13
E3843,C0018,ME,13
E0321,C0010,IC,13
E2858,C0038,IT,13
E4837,C0014,IT,13
E4103,C0046,AUTO,13
E2110,C0009,CH,13
E0895,C0035,AUTO,13
E4773,C0017,EE,13
E2535,C0009,EE,13
E1567,C0005,AUTO,13
E1385,C0001,IC,13
E0066,C0044,IT,13
E4071,C0026,EC,13
E2030,C0050,IT,13
E4921,C0039,EC,13
E1445,C0027,EC,13
E3452,C0028,IT,13
E2120,C0013,CH,13
E0081,C0038,EE,13
E3409,C0028,EC,13
E4296,C0038,CH,13
E1574,C0011,CSE,13
E4541,C0023,ME,13
E4492,C0046,AUTO,13
E4104,C0025,EE,13
E2717,C0020,CH,13
E3031,C0025,IT,13
E2786,C0049,ME,13
E1127,C0030,IT,13
E0578,C0042,IT,13
E2277,C0032,EC,13
E3945,C0028,CSE,13
E4546,C0026,IT,13
E3949,C0044,CSE,13
E0348,C0024,AUTO,13
E4556,C0011,CH,13
E4686,C0036,IT,13
E0740,C0032,IT,13
E3252,C0016,IT,13
E1778,C0026,CIVIL,13
E3469,C0012,EC,13
E1539,C0019,IT,13
E4421,C0013,CH,13
E1990,C0024,IT,13
E4663,C0007,EC,13
E0144,C0050,IT,13
E3378,C0043,IC,13
E2188,C0012,EC,13
E4092,C0030,CIVIL,13
E3718,C0009,IC,13
E0399,C0050,CH,13
E3002,C0003,CH,13
E2122,C0041,CH,13
E1283,C0033,CH,13
E3432,C0031,EC,13
E3351,C0017,EE,13
E4822,C0034,IC,13
E2953,C0039,IT,13
E0021,C0008,CH,13
E1751,C0050,IC,13
E3790,C0003,ME,13
E4684,C0011,EC,13
E0423,C0039,CH,13
E2219,C0028,ME,13
E1175,C0020,CIVIL,13
E3293,C0015,EC,13
E3982,C0048,CIVIL,13
E1205,C0043,EC,13
E0716,C0047,ME,13
E4747,C0036,AUTO,13
E1817,C0029,CSE,13
E0564,C0031,IC,13
E3370,C0012,CH,13
E4790,C0048,CIVIL,13
E1120,C0047,ME,13
E1963,C0039,AUTO,13
E4468,C0005,AUTO,13
E2279,C0046,IT,13
E0934,C0043,CIVIL,13
E2982,C0049,AUTO,13
E2997,C0019,CH,13
E0077,C0038,CH,13
E1332,C0044,CH,13
E4341,C0034,CSE,13
E2870,C0040,IT,13
E2547,C0011,CH,13
E0845,C0033,EC,13
E2144,C0017,CH,13
E3685,C0015,EE,13
E4395,C0006,IC,13
E3950,C0010,IT,13
E1193,C0019,AUTO,13
E0618,C0024,IT,13
E4698,C0039,CSE,13
E4926,C0034,IC,13
E4757,C0008,ME,13
E1131,C0021,IC,13
E1886,C0011,EC,13
E0723,C0025,IT,13
E0228,C0017,EE,13
E0305,C0005,IT,13
E3168,C0022,IT,13
E4728,C0002,EE,13
E2977,C0050,ME,13
E4130,C0033,IT,13
E2835,C0023,EE,13
E4936,C0023,CIVIL,13
E3066,C0035,EC,13
E2596,C0032,EC,13
E2365,C0030,CH,13
E0549,C0024,CSE,13
E4099,C0029,EE,13
E2174,C0046,ME,13
E2018,C0022,AUTO,13
E4690,C0005,CIVIL,13
E3752,C0033,CH,13
E4500,C0041,EC,13
E0649,C0016,CIVIL,13
E1946,C0036,IT,13
E4552,C0006,CSE,13
E2910,C0029,IT,13
E0885,C0025,EC,13
E2929,C0027,IT,13
E1639,C0025,EE,13
E4362,C0042,EC,13
E3964,C0014,CIVIL,13
E4594,C0009,EE,13
E2134,C0034,EE,13
E0239,C0018,ME,13
E2238,C0037,IC,13
E4192,C0001,AUTO,13
E1554,C0009,EC,13
E4736,C0029,AUTO,13
E0428,C0003,CSE,13
E0409,C0025,IT,13
E4340,C0022,AUTO,13
E0908,C0030,EE,13
E4946,C0012,IT,13
E2074,C0037,EC,13
E4418,C0020,CH,13
E1106,C0013,EE,13
E3569,C0039,EC,13
E2936,C0005,CIVIL,13
E2414,C0031,IT,13
E4897,C0033,CSE,13
E1923,C0025,AUTO,13
E1511,C0044,IC,14
E1534,C0015,EC,14
E0099,C0050,IC,14
E3797,C0013,CH,14
E2288,C0003,EC,14
E1291,C0012,EC,14
E4205,C0014,EC,14
E2726,C0034,EE,14
E2198,C0021,EC,14
E2996,C0037,IC,14
E0400,C0032,EE,14
E4652,C0046,EC,14
E2587,C0024,ME,14
E3140,C0015,EC,14
E0829,C0013,CH,14
E2974,C0044,CIVIL,14
E1943,C0009,IC,14
E2542,C0026,AUTO,14
E3008,C0022,IT,14
E2435,C0037,IC,14
E2514,C0018,EC,14
E4504,C0007,EE,14
E1824,C0045,CH,14
E3274,C0021,CSE,14
E2329,C0030,CIVIL,14
E0129,C0005,CIVIL,14
E4008,C0025,ME,14
E3320,C0022,EC,14
E1785,C0038,CIVIL,14
E2202,C0034,CIVIL,14
E4811,C0027,CIVIL,14
E3580,C0025,EE,14
E2222,C0043,CIVIL,14
E4701,C0017,ME,14
E2663,C0028,CSE,14
E2218,C0046,CIVIL,14
E2115,C0022,CSE,14
E1863,C0014,EE,14
E0939,C0038,CSE,14
E1397,C0006,CSE,14
E1985,C0009,CIVIL,14
E3037,C0027,CIVIL,14
E4028,C0050,ME,14
E1721,C0021,CIVIL,14
E1287,C0010,IT,14
E2359,C0022,CH,14
E1160,C0033,IT,14
E2795,C0044,CIVIL,14
E2984,C0040,CH,14
E4776,C0009,EC,14
E2072,C0018,EE,14
E3993,C0023,CIVIL,14
E0493,C0030,CH,14
E3737,C0024,AUTO,14
E3843,C0018,ME,14
E0321,C0010,IC,14
E2858,C0038,IT,14
E4837,C0014,IT,14
E4103,C0046,AUTO,14
E2110,C0009,CH,14
E0895,C0035,AUTO,14
E4773,C0017,EE,14
E2535,C0009,EE,14
E1567,C0005,AUTO,14
E1385,C0001,IC,14
E0066,C0044,IT,14
E4071,C0026,EC,14
E2030,C0050,IT,14
E4921,C0039,EC,14
E1445,C0027,EC,14
E3452,C0028,IT,14
E2120,C0013,CH,14
E0081,C0038,EE,14
E3409,C0028,EC,14
E4296,C0038,CH,14
E1574,C0011,CSE,14
E4541,C0023,ME,14
E4492,C0046,AUTO,14
E4104,C0025,EE,14
E2717,C0020,CH,14
E3031,C0025,IT,14
E2786,C0049,ME,14
E1127,C0030,IT,14
E0578,C0042,IT,14
E2277,C0032,EC,14
E3945,C0028,CSE,14
E4546,C0026,IT,14
E3949,C0044,CSE,14
E0348,C0024,AUTO,14
E4556,C0011,CH,14
E4686,C0036,IT,14
E0740,C0032,IT,14
E3252,C0016,IT,14
E1778,C0026,CIVIL,14
E3469,C0012,EC,14
E1539,C0019,IT,14
E4421,C0013,CH,14
E1990,C0024,IT,14
E4663,C0007,EC,14
E0144,C0050,IT,14
E3378,C0043,IC,14
E2188,C0012,EC,14
E4092,C0030,CIVIL,14
E3718,C0009,IC,14
E0399,C0050,CH,14
E3002,C0003,CH,14
E2122,C0041,CH,14
E1283,C0033,CH,14
E3432,C0031,EC,14
E3351,C0017,EE,14
E4822,C0034,IC,14
E2953,C0039,IT,14
E0021,C0008,CH,14
E1751,C0050,IC,14
E3790,C0003,ME,14
E4684,C0011,EC,14
E0423,C0039,CH,14
E2219,C0028,ME,14
E1175,C0020,CIVIL,14
E3293,C0015,EC,14
E3982,C0048,CIVIL,14
E1205,C0043,EC,14
E0716,C0047,ME,14
E4747,C0036,AUTO,14
E1817,C0029,CSE,14
E0564,C0031,IC,14
E3370,C0012,CH,14
E4790,C0048,CIVIL,14
E1120,C0047,ME,14
E1963,C0039,AUTO,14
E4468,C0005,AUTO,14
E2279,C0046,IT,14
E0934,C0043,CIVIL,14
E2982,C0049,AUTO,14
E2997,C0019,CH,14
E0077,C0038,CH,14
E1332,C0044,CH,14
E4341,C0034,CSE,14
E2870,C0040,IT,14
E2547,C0011,CH,14
E0845,C0033,EC,14
E2144,C0017,CH,14
E3685,C0015,EE,14
E4395,C0006,IC,14
E3950,C0010,IT,14
E1193,C0019,AUTO,14
E0618,C0024,IT,14
E4698,C0039,CSE,14
E4926,C0034,IC,14
E4757,C0008,ME,14
E1131,C0021,IC,14
E1886,C0011,EC,14
E0723,C0025,IT,14
E0228,C0017,EE,14
E0305,C0005,IT,14
E3168,C0022,IT,14
E4728,C0002,EE,14
E2977,C0050,ME,14
E4130,C0033,IT,14
E2835,C0023,EE,14
E4936,C0023,CIVIL,14
E3066,C0035,EC,14
E2596,C0032,EC,14
E2365,C0030,CH,14
E0549,C0024,CSE,14
E4099,C0029,EE,14
E2174,C0046,ME,14
E2018,C0022,AUTO,14
E4690,C0005,CIVIL,14
E3752,C0033,CH,14
E4500,C0041,EC,14
E0649,C0016,CIVIL,14
E1946,C0036,IT,14
E4552,C0006,CSE,14
E2910,C0029,IT,14
E0885,C0025,EC,14
E2929,C0027,IT,14
E1639,C0025,EE,14
E4362,C0042,EC,14
E3964,C0014,CIVIL,14
E4594,C0009,EE,14
E2134,C0034,EE,14
E0239,C0018,ME,14
E2238,C0037,IC,14
E4192,C0001,AUTO,14
E1554,C0009,EC,14
E4736,C0029,AUTO,14
E0428,C0003,CSE,14
E0409,C0025,IT,14
E4340,C0022,AUTO,14
E0908,C0030,EE,14
E4946,C0012,IT,14
E2074,C0037,EC,14
E4418,C0020,CH,14
E1106,C0013,EE,14
E3569,C0039,EC,14
E2936,C0005,CIVIL,14
E2414,C0031,IT,14
E4897,C0033,CSE,14
E1923,C0025,AUTO,14
E1511,C0044,IC,15
E1534,C0015,EC,15
E0099,C0050,IC,15
E3797,C0013,CH,15
E2288,C0003,EC,15
E1291,C0012,EC,15
E4205,C0014,EC,15
E2726,C0034,EE,15
E2198,C0021,EC,15
E2996,C0037,IC,15
E0400,C0032,EE,15
E4652,C0046,EC,15
E2587,C0024,ME,15
E3140,C0015,EC,15
E0829,C0013,CH,15
E2974,C0044,CIVIL,15
E1943,C0009,IC,15
E2542,C0026,AUTO,15
E3008,C0022,IT,15
E2435,C0037,IC,15
E2514,C0018,EC,15
E4504,C0007,EE,15
E1824,C0045,CH,15
E3274,C0021,CSE,15
E2329,C0030,CIVIL,15
E0129,C0005,CIVIL,15
E4008,C0025,ME,15
E3320,C0022,EC,15
E1785,C0038,CIVIL,15
E2202,C0034,CIVIL,15
E4811,C0027,CIVIL,15
E3580,C0025,EE,15
E2222,C0043,CIVIL,15
E4701,C0017,ME,15
E2663,C0028,CSE,15
E2218,C0046,CIVIL,15
E2115,C0022,CSE,15
E1863,C0014,EE,15
E0939,C0038,CSE,15
E1397,C0006,CSE,15
E1985,C0009,CIVIL,15
E3037,C0027,CIVIL,15
E4028,C0050,ME,15
E1721,C0021,CIVIL,15
E1287,C0010,IT,15
E2359,C0022,CH,15
E1160,C0033,IT,15
E2795,C0044,CIVIL,15
E2984,C0040,CH,15
E4776,C0009,EC,15
E2072,C0018,EE,15
E3993,C0023,CIVIL,15
E0493,C0030,CH,15
E3737,C0024,AUTO,15
E3843,C0018,ME,15
E0321,C0010,IC,15
E2858,C0038,IT,15
E4837,C0014,IT,15
E4103,C0046,AUTO,15
E2110,C0009,CH,15
E0895,C0035,AUTO,15
E4773,C0017,EE,15
E2535,C0009,EE,15
E1567,C0005,AUTO,15
E1385,C0001,IC,15
E0066,C0044,IT,15
E4071,C0026,EC,15
E2030,C0050,IT,15
E4921,C0039,EC,15
E1445,C0027,EC,15
E3452,C0028,IT,15
E2120,C0013,CH,15
E0081,C0038,EE,15
E3409,C0028,EC,15
E4296,C0038,CH,15
E1574,C0011,CSE,15
E4541,C0023,ME,15
E4492,C0046,AUTO,15
E4104,C0025,EE,15
E2717,C0020,CH,15
E3031,C0025,IT,15
E2786,C0049,ME,15
E1127,C0030,IT,15
E0578,C0042,IT,15
E2277,C0032,EC,15
E3945,C0028,CSE,15
E4546,C0026,IT,15
E3949,C0044,CSE,15
E0348,C0024,AUTO,15
E4556,C0011,CH,15
E4686,C0036,IT,15
E0740,C0032,IT,15
E3252,C0016,IT,15
E1778,C0026,CIVIL,15
E3469,C0012,EC,15
E1539,C0019,IT,15
E4421,C0013,CH,15
E1990,C0024,IT,15
E4663,C0007,EC,15
E0144,C0050,IT,15
E3378,C0043,IC,15
E2188,C0012,EC,15
E4092,C0030,CIVIL,15
E3718,C0009,IC,15
E0399,C0050,CH,15
E3002,C0003,CH,15
E2122,C0041,CH,15
E1283,C0033,CH,15
E3432,C0031,EC,15
E3351,C0017,EE,15
E4822,C0034,IC,15
E2953,C0039,IT,15
E0021,C0008,CH,15
E1751,C0050,IC,15
E3790,C0003,ME,15
E4684,C0011,EC,15
E0423,C0039,CH,15
E2219,C0028,ME,15
E1175,C0020,CIVIL,15
E3293,C0015,EC,15
E3982,C0048,CIVIL,15
E1205,C0043,EC,15
E0716,C0047,ME,15
E4747,C0036,AUTO,15
E1817,C0029,CSE,15
E0564,C0031,IC,15
E3370,C0012,CH,15
E4790,C0048,CIVIL,15
E1120,C0047,ME,15
E1963,C0039,AUTO,15
E4468,C0005,AUTO,15
E2279,C0046,IT,15
E0934,C0043,CIVIL,15
E2982,C0049,AUTO,15
E2997,C0019,CH,15
E0077,C0038,CH,15
E1332,C0044,CH,15
E4341,C0034,CSE,15
E2870,C0040,IT,15
E2547,C0011,CH,15
E0845,C0033,EC,15
E2144,C0017,CH,15
E3685,C0015,EE,15
E4395,C0006,IC,15
E3950,C0010,IT,15
E1193,C0019,AUTO,15
E0618,C0024,IT,15
E4698,C0039,CSE,15
E4926,C0034,IC,15
E4757,C0008,ME,15
E1131,C0021,IC,15
E1886,C0011,EC,15
E0723,C0025,IT,15
E0228,C0017,EE,15
E0305,C0005,IT,15
E3168,C0022,IT,15
E4728,C0002,EE,15
E2977,C0050,ME,15
E4130,C0033,IT,15
E2835,C0023,EE,15
E4936,C0023,CIVIL,15
E3066,C0035,EC,15
E2596,C0032,EC,15
E2365,C0030,CH,15
E0549,C0024,CSE,15
E4099,C0029,EE,15
E2174,C0046,ME,15
E2018,C0022,AUTO,15
E4690,C0005,CIVIL,15
E3752,C0033,CH,15
E4500,C0041,EC,15
E0649,C0016,CIVIL,15
E1946,C0036,IT,15
E4552,C0006,CSE,15
E2910,C0029,IT,15
E0885,C0025,EC,15
E2929,C0027,IT,15
E1639,C0025,EE,15
E4362,C0042,EC,15
E3964,C0014,CIVIL,15
E4594,C0009,EE,15
E2134,C0034,EE,15
E0239,C0018,ME,15
E2238,C0037,IC,15
E4192,C0001,AUTO,15
E1554,C0009,EC,15
E4736,C0029,AUTO,15
E0428,C0003,CSE,15
E0409,C0025,IT,15
E4340,C0022,AUTO,15
E0908,C0030,EE,15
E4946,C0012,IT,15
E2074,C0037,EC,15
E4418,C0020,CH,15
E1106,C0013,EE,15
E3569,C0039,EC,15
E2936,C0005,CIVIL,15
E2414,C0031,IT,15
E4897,C0033,CSE,15
E1923,C0025,AUTO,15
E1511,C0044,IC,16
E1534,C0015,EC,16
E0099,C0050,IC,16
E3797,C0013,CH,16
E2288,C0003,EC,16
E1291,C0012,EC,16
E4205,C0014,EC,16
E2726,C0034,EE,16
E2198,C0021,EC,16
E2996,C0037,IC,16
E0400,C0032,EE,16
E4652,C0046,EC,16
E2587,C0024,ME,16
E3140,C0015,EC,16
E0829,C0013,CH,16
E2974,C0044,CIVIL,16
E1943,C0009,IC,16
E2542,C0026,AUTO,16
E3008,C0022,IT,16
E2435,C0037,IC,16
E2514,C0018,EC,16
E4504,C0007,EE,16
E1824,C0045,CH,16
E3274,C0021,CSE,16
E2329,C0030,CIVIL,16
E0129,C0005,CIVIL,16
E4008,C0025,ME,16
E3320,C0022,EC,16
E1785,C0038,CIVIL,16
E2202,C0034,CIVIL,16
E4811,C0027,CIVIL,16
E3580,C0025,EE,16
E2222,C0043,CIVIL,16
E4701,C0017,ME,16
E2663,C0028,CSE,16
E2218,C0046,CIVIL,16
E2115,C0022,CSE,16
E1863,C0014,EE,16
E0939,C0038,CSE,16
E1397,C0006,CSE,16
E1985,C0009,CIVIL,16
E3037,C0027,CIVIL,16
E4028,C0050,ME,16
E1721,C0021,CIVIL,16
E1287,C0010,IT,16
E2359,C0022,CH,16
E1160,C0033,IT,16
E2795,C0044,CIVIL,16
E2984,C0040,CH,16
E4776,C0009,EC,16
E2072,C0018,EE,16
E3993,C0023,CIVIL,16
E0493,C0030,CH,16
E3737,C0024,AUTO,16
E3843,C0018,ME,16
E0321,C0010,IC,16
E2858,C0038,IT,16
E4837,C0014,IT,16
E4103,C0046,AUTO,16
E2110,C0009,CH,16
E0895,C0035,AUTO,16
E4773,C0017,EE,16
E2535,C0009,EE,16
E1567,C0005,AUTO,16
E1385,C0001,IC,16
E0066,C0044,IT,16
E4071,C0026,EC,16
E2030,C0050,IT,16
E4921,C0039,EC,16
E1445,C0027,EC,16
E3452,C0028,IT,16
E2120,C0013,CH,16
E0081,C0038,EE,16
E3409,C0028,EC,16
E4296,C0038,CH,16
E1574,C0011,CSE,16
E4541,C0023,ME,16
E4492,C0046,AUTO,16
E4104,C0025,EE,16
E2717,C0020,CH,16
E3031,C0025,IT,16
E2786,C0049,ME,16
E1127,C0030,IT,16
E0578,C0042,IT,16
E2277,C0032,EC,16
E3945,C0028,CSE,16
E4546,C0026,IT,16
E3949,C0044,CSE,16
E0348,C0024,AUTO,16
E4556,C0011,CH,16
E4686,C0036,IT,16
E0740,C0032,IT,16
E3252,C0016,IT,16
E1778,C0026,CIVIL,16
E3469,C0012,EC,16
E1539,C0019,IT,16
E4421,C0013,CH,16
E1990,C0024,IT,16
E4663,C0007,EC,16
E0144,C0050,IT,16
E3378,C0043,IC,16
E2188,C0012,EC,16
E4092,C0030,CIVIL,16
E3718,C0009,IC,16
E0399,C0050,CH,16
E3002,C0003,CH,16
E2122,C0041,CH,16
E1283,C0033,CH,16
E3432,C0031,EC,16
E3351,C0017,EE,16
E4822,C0034,IC,16
E2953,C0039,IT,16
E0021,C0008,CH,16
E1751,C0050,IC,16
E3790,C0003,ME,16
E4684,C0011,EC,16
E0423,C0039,CH,16
E2219,C0028,ME,16
E1175,C0020,CIVIL,16
E3293,C0015,EC,16
E3982,C0048,CIVIL,16
E1205,C0043,EC,16
E0716,C0047,ME,16
E4747,C0036,AUTO,16
E1817,C0029,CSE,16
E0564,C0031,IC,16
E3370,C0012,CH,16
E4790,C0048,CIVIL,16
E1120,C0047,ME,16
E1963,C0039,AUTO,16
E4468,C0005,AUTO,16
E2279,C0046,IT,16
E0934,C0043,CIVIL,16
E2982,C0049,AUTO,16
E2997,C0019,CH,16
E0077,C0038,CH,16
E1332,C0044,CH,16
E4341,C0034,CSE,16
E2870,C0040,IT,16
E2547,C0011,CH,16
E0845,C0033,EC,16
E2144,C0017,CH,16
E3685,C0015,EE,16
E4395,C0006,IC,16
E3950,C0010,IT,16
E1193,C0019,AUTO,16
E0618,C0024,IT,16
E4698,C0039,CSE,16
E4926,C0034,IC,16
E4757,C0008,ME,16
E1131,C0021,IC,16
E1886,C0011,EC,16
E0723,C0025,IT,16
E0228,C0017,EE,16
E0305,C0005,IT,16
E3168,C0022,IT,16
E4728,C0002,EE,16
E2977,C0050,ME,16
E4130,C0033,IT,16
E2835,C0023,EE,16
E4936,C0023,CIVIL,16
E3066,C0035,EC,16
E2596,C0032,EC,16
E2365,C0030,CH,16
E0549,C0024,CSE,16
E4099,C0029,EE,16
E2174,C0046,ME,16
E2018,C0022,AUTO,16
E4690,C0005,CIVIL,16
E3752,C0033,CH,16
E4500,C0041,EC,16
E0649,C0016,CIVIL,16
E1946,C0036,IT,16
E4552,C0006,CSE,16
E2910,C0029,IT,16
E0885,C0025,EC,16
E2929,C0027,IT,16
E1639,C0025,EE,16
E4362,C0042,EC,16
E3964,C0014,CIVIL,16
E4594,C0009,EE,16
E2134,C0034,EE,16
E0239,C0018,ME,16
E2238,C0037,IC,16
E4192,C0001,AUTO,16
E1554,C0009,EC,16
E4736,C0029,AUTO,16
E0428,C0003,CSE,16
E0409,C0025,IT,16
E4340,C0022,AUTO,16
E0908,C0030,EE,16
E4946,C0012,IT,16
E2074,C0037,EC,16
E4418,C0020,CH,16
E1106,C0013,EE,16
E3569,C0039,EC,16
E2936,C0005,CIVIL,16
E2414,C0031,IT,16
E4897,C0033,CSE,16
E1923,C0025,AUTO,16
E1511,C0044,IC,17
E1534,C0015,EC,17
E0099,C0050,IC,17
E3797,C0013,CH,17
E2288,C0003,EC,17
E1291,C0012,EC,17
E4205,C0014,EC,17
E2726,C0034,EE,17
E2198,C0021,EC,17
E2996,C0037,IC,17
E0400,C0032,EE,17
E4652,C0046,EC,17
E2587,C0024,ME,17
E3140,C0015,EC,17
E0829,C0013,CH,17
E2974,C0044,CIVIL,17
E1943,C0009,IC,17
E2542,C0026,AUTO,17
E3008,C0022,IT,17
E2435,C0037,IC,17
E2514,C0018,EC,17
E4504,C0007,EE,17
E1824,C0045,CH,17
E3274,C0021,CSE,17
E2329,C0030,CIVIL,17
E0129,C0005,CIVIL,17
E4008,C0025,ME,17
E3320,C0022,EC,17
E1785,C0038,CIVIL,17
E2202,C0034,CIVIL,17
E4811,C0027,CIVIL,17
E3580,C0025,EE,17
E2222,C0043,CIVIL,17
E4701,C0017,ME,17
E2663,C0028,CSE,17
E2218,C0046,CIVIL,17
E2115,C0022,CSE,17
E1863,C0014,EE,17
E0939,C0038,CSE,17
E1397,C0006,CSE,17
E1985,C0009,CIVIL,17
E3037,C0027,CIVIL,17
E4028,C0050,ME,17
E1721,C0021,CIVIL,17
E1287,C0010,IT,17
E2359,C0022,CH,17
E1160,C0033,IT,17
E2795,C0044,CIVIL,17
E2984,C0040,CH,17
E4776,C0009,EC,17
E2072,C0018,EE,17
E3993,C0023,CIVIL,17
E0493,C0030,CH,17
E3737,C0024,AUTO,17
E3843,C0018,ME,17
E0321,C0010,IC,17
E2858,C0038,IT,17
E4837,C0014,IT,17
E4103,C0046,AUTO,17
E2110,C0009,CH,17
E0895,C0035,AUTO,17
E4773,C0017,EE,17
E2535,C0009,EE,17
E1567,C0005,AUTO,17
E1385,C0001,IC,17
E0066,C0044,IT,17
E4071,C0026,EC,17
E2030,C0050,IT,17
E4921,C0039,EC,17
E1445,C0027,EC,17
E3452,C0028,IT,17
E2120,C0013,CH,17
E0081,C0038,EE,17
E3409,C0028,EC,17
E4296,C0038,CH,17
E1574,C0011,CSE,17
E4541,C0023,ME,17
E4492,C0046,AUTO,17
E4104,C0025,EE,17
E2717,C0020,CH,17
E3031,C0025,IT,17
E2786,C0049,ME,17
E1127,C0030,IT,17
E0578,C0042,IT,17
E2277,C0032,EC,17
E3945,C0028,CSE,17
E4546,C0026,IT,17
E3949,C0044,CSE,17
E0348,C0024,AUTO,17
E4556,C0011,CH,17
E4686,C0036,IT,17
E0740,C0032,IT,17
E3252,C0016,IT,17
E1778,C0026,CIVIL,17
E3469,C0012,EC,17
E1539,C0019,IT,17
E4421,C0013,CH,17
E1990,C0024,IT,17
E4663,C0007,EC,17
E0144,C0050,IT,17
E3378,C0043,IC,17
E2188,C0012,EC,17
E4092,C0030,CIVIL,17
E3718,C0009,IC,17
E0399,C0050,CH,17
E3002,C0003,CH,17
E2122,C0041,CH,17
E1283,C0033,CH,17
E3432,C0031,EC,17
E3351,C0017,EE,17
E4822,C0034,IC,17
E2953,C0039,IT,17
E0021,C0008,CH,17
E1751,C0050,IC,17
E3790,C0003,ME,17
E4684,C0011,EC,17
E0423,C0039,CH,17
E2219,C0028,ME,17
E1175,C0020,CIVIL,17
E3293,C0015,EC,17
E3982,C0048,CIVIL,17
E1205,C0043,EC,17
E0716,C0047,ME,17
E4747,C0036,AUTO,17
E1817,C0029,CSE,17
E0564,C0031,IC,17
E3370,C0012,CH,17
E4790,C0048,CIVIL,17
E1120,C0047,ME,17
E1963,C0039,AUTO,17
E4468,C0005,AUTO,17
E2279,C0046,IT,17
E0934,C0043,CIVIL,17
E2982,C0049,AUTO,17
E2997,C0019,CH,17
E0077,C0038,CH,17
E1332,C0044,CH,17
E4341,C0034,CSE,17
E2870,C0040,IT,17
E2547,C0011,CH,17
E0845,C0033,EC,17
E2144,C0017,CH,17
E3685,C0015,EE,17
E4395,C0006,IC,17
E3950,C0010,IT,17
E1193,C0019,AUTO,17
E0618,C0024,IT,17
E4698,C0039,CSE,17
E4926,C0034,IC,17
E4757,C0008,ME,17
E1131,C0021,IC,17
E1886,C0011,EC,17
E0723,C0025,IT,17
E0228,C0017,EE,17
E0305,C0005,IT,17
E3168,C0022,IT,17
E4728,C0002,EE,17
E2977,C0050,ME,17
E4130,C0033,IT,17
E2835,C0023,EE,17
E4936,C0023,CIVIL,17
E3066,C0035,EC,17
E2596,C0032,EC,17
E2365,C0030,CH,17
E0549,C0024,CSE,17
E4099,C0029,EE,17
E2174,C0046,ME,17
E2018,C0022,AUTO,17
E4690,C0005,CIVIL,17
E3752,C0033,CH,17
E4500,C0041,EC,17
E0649,C0016,CIVIL,17
E1946,C0036,IT,17
E4552,C0006,CSE,17
E2910,C0029,IT,17
E0885,C0025,EC,17
E2929,C0027,IT,17
E1639,C0025,EE,17
E4362,C0042,EC,17
E3964,C0014,CIVIL,17
E4594,C0009,EE,17
E2134,C0034,EE,17
E0239,C0018,ME,17
E2238,C0037,IC,17
E4192,C0001,AUTO,17
E1554,C0009,EC,17
E4736,C0029,AUTO,17
E0428,C0003,CSE,17
E0409,C0025,IT,17
E4340,C0022,AUTO,17
E0908,C0030,EE,17
E4946,C0012,IT,17
E2074,C0037,EC,17
E4418,C0020,CH,17
E1106,C0013,EE,17
E3569,C0039,EC,17
E2936,C0005,CIVIL,17
E2414,C0031,IT,17
E4897,C0033,CSE,17
E1923,C0025,AUTO,17
E1511,C0044,IC,18
E1534,C0015,EC,18
E0099,C0050,IC,18
E3797,C0013,CH,18
E2288,C0003,EC,18
E1291,C0012,EC,18
E4205,C0014,EC,18
E2726,C0034,EE,18
E2198,C0021,EC,18
E2996,C0037,IC,18
E0400,C0032,EE,18
E4652,C0046,EC,18
E2587,C0024,ME,18
E3140,C0015,EC,18
E0829,C0013,CH,18
E2974,C0044,CIVIL,18
E1943,C0009,IC,18
E2542,C0026,AUTO,18
E3008,C0022,IT,18
E2435,C0037,IC,18
E2514,C0018,EC,18
E4504,C0007,EE,18
E1824,C0045,CH,18
E3274,C0021,CSE,18
E2329,C0030,CIVIL,18
E0129,C0005,CIVIL,18
E4008,C0025,ME,18
E3320,C0022,EC,18
E1785,C0038,CIVIL,18
E2202,C0034,CIVIL,18
E4811,C0027,CIVIL,18
E3580,C0025,EE,18
E2222,C0043,CIVIL,18
E4701,C0017,ME,18
E2663,C0028,CSE,18
E2218,C0046,CIVIL,18
E2115,C0022,CSE,18
E1863,C0014,EE,18
E0939,C0038,CSE,18
E1397,C0006,CSE,18
E1985,C0009,CIVIL,18
E3037,C0027,CIVIL,18
E4028,C0050,ME,18
E1721,C0021,CIVIL,18
E1287,C0010,IT,18
E2359,C0022,CH,18
E1160,C0033,IT,18
E2795,C0044,CIVIL,18
E2984,C0040,CH,18
E4776,C0009,EC,18
E2072,C0018,EE,18
E3993,C0023,CIVIL,18
E0493,C0030,CH,18
E3737,C0024,AUTO,18
E3843,C0018,ME,18
E0321,C0010,IC,18
E2858,C0038,IT,18
E4837,C0014,IT,18
E4103,C0046,AUTO,18
E2110,C0009,CH,18
E0895,C0035,AUTO,18
E4773,C0017,EE,18
E2535,C0009,EE,18
E1567,C0005,AUTO,18
E1385,C0001,IC,18
E0066,C0044,IT,18
E4071,C0026,EC,18
E2030,C0050,IT,18
E4921,C0039,EC,18
E1445,C0027,EC,18
E3452,C0028,IT,18
E2120,C0013,CH,18
E0081,C0038,EE,18
E3409,C0028,EC,18
E4296,C0038,CH,18
E1574,C0011,CSE,18
E4541,C0023,ME,18
E4492,C0046,AUTO,18
E4104,C0025,EE,18
E2717,C0020,CH,18
E3031,C0025,IT,18
E2786,C0049,ME,18
E1127,C0030,IT,18
E0578,C0042,IT,18
E2277,C0032,EC,18
E3945,C0028,CSE,18
E4546,C0026,IT,18
E3949,C0044,CSE,18
E0348,C0024,AUTO,18
E4556,C0011,CH,18
E4686,C0036,IT,18
E0740,C0032,IT,18
E3252,C0016,IT,18
E1778,C0026,CIVIL,18
E3469,C0012,EC,18
E1539,C0019,IT,18
E4421,C0013,CH,18
E1990,C0024,IT,18
E4663,C0007,EC,18
E0144,C0050,IT,18
E3378,C0043,IC,18
E2188,C0012,EC,18
E4092,C0030,CIVIL,18
E3718,C0009,IC,18
E0399,C0050,CH,18
E3002,C0003,CH,18
E2122,C0041,CH,18
E1283,C0033,CH,18
E3432,C0031,EC,18
E3351,C0017,EE,18
E4822,C0034,IC,18
E2953,C0039,IT,18
E0021,C0008,CH,18
E1751,C0050,IC,18
E3790,C0003,ME,18
E4684,C0011,EC,18
E0423,C0039,CH,18
E2219,C0028,ME,18
E1175,C0020,CIVIL,18
E3293,C0015,EC,18
E3982,C0048,CIVIL,18
E1205,C0043,EC,18
E0716,C0047,ME,18
E4747,C0036,AUTO,18
E1817,C0029,CSE,18
E0564,C0031,IC,18
E3370,C0012,CH,18
E4790,C0048,CIVIL,18
E1120,C0047,ME,18
E1963,C0039,AUTO,18
E4468,C0005,AUTO,18
E2279,C0046,IT,18
E0934,C0043,CIVIL,18
E2982,C0049,AUTO,18
E2997,C0019,CH,18
E0077,C0038,CH,18
E1332,C0044,CH,18
E4341,C0034,CSE,18
E2870,C0040,IT,18
E2547,C0011,CH,18
E0845,C0033,EC,18
E2144,C0017,CH,18
E3685,C0015,EE,18
E4395,C0006,IC,18
E3950,C0010,IT,18
E1193,C0019,AUTO,18
E0618,C0024,IT,18
E4698,C0039,CSE,18
E4926,C0034,IC,18
E4757,C0008,ME,18
E1131,C0021,IC,18
E1886,C0011,EC,18
E0723,C0025,IT,18
E0228,C0017,EE,18
E0305,C0005,IT,18
E3168,C0022,IT,18
E4728,C0002,EE,18
E2977,C0050,ME,18
E4130,C0033,IT,18
E2835,C0023,EE,18
E4936,C0023,CIVIL,18
E3066,C0035,EC,18
E2596,C0032,EC,18
E2365,C0030,CH,18
E0549,C0024,CSE,18
E4099,C0029,EE,18
E2174,C0046,ME,18
E2018,C0022,AUTO,18
E4690,C0005,CIVIL,18
E3752,C0033,CH,18
E4500,C0041,EC,18
E0649,C0016,CIVIL,18
E1946,C0036,IT,18
E4552,C0006,CSE,18
E2910,C0029,IT,18
E0885,C0025,EC,18
E2929,C0027,IT,18
E1639,C0025,EE,18
E4362,C0042,EC,18
E3964,C0014,CIVIL,18
E4594,C0009,EE,18
E2134,C0034,EE,18
E0239,C0018,ME,18
E2238,C0037,IC,18
E4192,C0001,AUTO,18
E1554,C0009,EC,18
E4736,C0029,AUTO,18
E0428,C0003,CSE,18
E0409,C0025,IT,18
E4340,C0022,AUTO,18
E0908,C0030,EE,18
E4946,C0012,IT,18
E2074,C0037,EC,18
E4418,C0020,CH,18
E1106,C0013,EE,18
E3569,C0039,EC,18
E2936,C0005,CIVIL,18
E2414,C0031,IT,18
E4897,C0033,CSE,18
E1923,C0025,AUTO,18
E1511,C0044,IC,19
E1534,C0015,EC,19
E0099,C0050,IC,19
E3797,C0013,CH,19
E2288,C0003,EC,19
E1291,C0012,EC,19
E4205,C0014,EC,19
E2726,C0034,EE,19
E2198,C0021,EC,19
E2996,C0037,IC,19
E0400,C0032,EE,19
E4652,C0046,EC,19
E2587,C0024,ME,19
E3140,C0015,EC,19
E0829,C0013,CH,19
E2974,C0044,CIVIL,19
E1943,C0009,IC,19
E2542,C0026,AUTO,19
E3008,C0022,IT,19
E2435,C0037,IC,19
E2514,C0018,EC,19
E4504,C0007,EE,19
E1824,C0045,CH,19
E3274,C0021,CSE,19
E2329,C0030,CIVIL,19
E0129,C0005,CIVIL,19
E4008,C0025,ME,19
E3320,C0022,EC,19
E1785,C0038,CIVIL,19
E2202,C0034,CIVIL,19
E4811,C0027,CIVIL,19
E3580,C0025,EE,19
E2222,C0043,CIVIL,19
E4701,C0017,ME,19
E2663,C0028,CSE,19
E2218,C0046,CIVIL,19
E2115,C0022,CSE,19
E1863,C0014,EE,19
E0939,C0038,CSE,19
E1397,C0006,CSE,19
E1985,C0009,CIVIL,19
E3037,C0027,CIVIL,19
E4028,C0050,ME,19
E1721,C0021,CIVIL,19
E1287,C0010,IT,19
E2359,C0022,CH,19
E1160,C0033,IT,19
E2795,C0044,CIVIL,19
E2984,C0040,CH,19
E4776,C0009,EC,19
E2072,C0018,EE,19
E3993,C0023,CIVIL,19
E0493,C0030,CH,19
E3737,C0024,AUTO,19
E3843,C0018,ME,19
E0321,C0010,IC,19
E2858,C0038,IT,19
E4837,C0014,IT,19
E4103,C0046,AUTO,19
E2110,C0009,CH,19
E0895,C0035,AUTO,19
E4773,C0017,EE,19
E2535,C0009,EE,19
E1567,C0005,AUTO,19
E1385,C0001,IC,19
E0066,C0044,IT,19
E4071,C0026,EC,19
E2030,C0050,IT,19
E4921,C0039,EC,19
E1445,C0027,EC,19
E3452,C0028,IT,19
E2120,C0013,CH,19
E0081,C0038,EE,19
E3409,C0028,EC,19
E4296,C0038,CH,19
E1574,C0011,CSE,19
E4541,C0023,ME,19
E4492,C0046,AUTO,19
E4104,C0025,EE,19
E2717,C0020,CH,19
E3031,C0025,IT,19
E2786,C0049,ME,19
E1127,C0030,IT,19
E0578,C0042,IT,19
E2277,C0032,EC,19
E3945,C0028,CSE,19
E4546,C0026,IT,19
E3949,C0044,CSE,19
E0348,C0024,AUTO,19
E4556,C0011,CH,19
E4686,C0036,IT,19
E0740,C0032,IT,19
E3252,C0016,IT,19
E1778,C0026,CIVIL,19
E3469,C0012,EC,19
E1539,C0019,IT,19
E4421,C0013,CH,19
E1990,C0024,IT,19
E4663,C0007,EC,19
E0144,C0050,IT,19
E3378,C0043,IC,19
E2188,C0012,EC,19
E4092,C0030,CIVIL,19
E3718,C0009,IC,19
E0399,C0050,CH,19
E3002,C0003,CH,19
E2122,C0041,CH,19
E1283,C0033,CH,19
E3432,C0031,EC,19
E3351,C0017,EE,19
E4822,C0034,IC,19
E2953,C0039,IT,19
E0021,C0008,CH,19
E1751,C0050,IC,19
E3790,C0003,ME,19
E4684,C0011,EC,19
E0423,C0039,CH,19
E2219,C0028,ME,19
E1175,C0020,CIVIL,19
E3293,C0015,EC,19
E3982,C0048,CIVIL,19
E1205,C0043,EC,19
E0716,C0047,ME,19
E4747,C0036,AUTO,19
E1817,C0029,CSE,19
E0564,C0031,IC,19
E3370,C0012,CH,19
E4790,C0048,CIVIL,19
E1120,C0047,ME,19
E1963,C0039,AUTO,19
E4468,C0005,AUTO,19
E2279,C0046,IT,19
E0934,C0043,CIVIL,19
E2982,C0049,AUTO,19
E2997,C0019,CH,19
E0077,C0038,CH,19
E1332,C0044,CH,19
E4341,C0034,CSE,19
E2870,C0040,IT,19
E2547,C0011,CH,19
E0845,C0033,EC,19
E2144,C0017,CH,19
E3685,C0015,EE,19
E4395,C0006,IC,19
E3950,C0010,IT,19
E1193,C0019,AUTO,19
E0618,C0024,IT,19
E4698,C0039,CSE,19
E4926,C0034,IC,19
E4757,C0008,ME,19
E1131,C0021,IC,19
E1886,C0011,EC,19
E0723,C0025,IT,19
E0228,C0017,EE,19
E0305,C0005,IT,19
E3168,C0022,IT,19
E4728,C0002,EE,19
E2977,C0050,ME,19
E4130,C0033,IT,19
E2835,C0023,EE,19
E4936,C0023,CIVIL,19
E3066,C0035,EC,19
E2596,C0032,EC,19
E2365,C0030,CH,19
E0549,C0024,CSE,19
E4099,C0029,EE,19
E2174,C0046,ME,19
E2018,C0022,AUTO,19
E4690,C0005,CIVIL,19
E3752,C0033,CH,19
E4500,C0041,EC,19
E0649,C0016,CIVIL,19
E1946,C0036,IT,19
E4552,C0006,CSE,19
E2910,C0029,IT,19
E0885,C0025,EC,19
E2929,C0027,IT,19
E1639,C0025,EE,19
E4362,C0042,EC,19
E3964,C0014,CIVIL,19
E4594,C0009,EE,19
E2134,C0034,EE,19
E0239,C0018,ME,19
E2238,C0037,IC,19
E4192,C0001,AUTO,19
E1554,C0009,EC,19
E4736,C0029,AUTO,19
E0428,C0003,CSE,19
E0409,C0025,IT,19
E4340,C0022,AUTO,19
E0908,C0030,EE,19
E4946,C0012,IT,19
E2074,C0037,EC,19
E4418,C0020,CH,19
E1106,C0013,EE,19
E3569,C0039,EC,19
E2936,C0005,CIVIL,19
E2414,C0031,IT,19
E4897,C0033,CSE,19
E1923,C0025,AUTO,19
E1511,C0044,IC,20
E1534,C0015,EC,20
E0099,C0050,IC,20
E3797,C0013,CH,20
E2288,C0003,EC,20
E1291,C0012,EC,20
E4205,C0014,EC,20
E2726,C0034,EE,20
E2198,C0021,EC,20
E2996,C0037,IC,20
E0400,C0032,EE,20
E4652,C0046,EC,20
E2587,C0024,ME,20
E3140,C0015,EC,20
E0829,C0013,CH,20
E2974,C0044,CIVIL,20
E1943,C0009,IC,20
E2542,C0026,AUTO,20
E3008,C0022,IT,20
E2435,C0037,IC,20
E2514,C0018,EC,20
E4504,C0007,EE,20
E1824,C0045,CH,20
E3274,C0021,CSE,20
E2329,C0030,CIVIL,20
E0129,C0005,CIVIL,20
E4008,C0025,ME,20
E3320,C0022,EC,20
E1785,C0038,CIVIL,20
E2202,C0034,CIVIL,20
E4811,C0027,CIVIL,20
E3580,C0025,EE,20
E2222,C0043,CIVIL,20
E4701,C0017,ME,20
E2663,C0028,CSE,20
E2218,C0046,CIVIL,20
E2115,C0022,CSE,20
E1863,C0014,EE,20
E0939,C0038,CSE,20
E1397,C0006,CSE,20
E1985,C0009,CIVIL,20
E3037,C0027,CIVIL,20
E4028,C0050,ME,20
E1721,C0021,CIVIL,20
E1287,C0010,IT,20
E2359,C0022,CH,20
E1160,C0033,IT,20
E2795,C0044,CIVIL,20
E2984,C0040,CH,20
E4776,C0009,EC,20
E2072,C0018,EE,20
E3993,C0023,CIVIL,20
E0493,C0030,CH,20
E3737,C0024,AUTO,20
E3843,C0018,ME,20
E0321,C0010,IC,20
E2858,C0038,IT,20
E4837,C0014,IT,20
E4103,C0046,AUTO,20
E2110,C0009,CH,20
E0895,C0035,AUTO,20
E4773,C0017,EE,20
E2535,C0009,EE,20
E1567,C0005,AUTO,20
E1385,C0001,IC,20
E0066,C0044,IT,20
E4071,C0026,EC,20
E2030,C0050,IT,20
E4921,C0039,EC,20
E1445,C0027,EC,20
E3452,C0028,IT,20
E2120,C0013,CH,20
E0081,C0038,EE,20
E3409,C0028,EC,20
E4296,C0038,CH,20
E1574,C0011,CSE,20
E4541,C0023,ME,20
E4492,C0046,AUTO,20
E4104,C0025,EE,20
E2717,C0020,CH,20
E3031,C0025,IT,20
E2786,C0049,ME,20
E1127,C0030,IT,20
E0578,C0042,IT,20
E2277,C0032,EC,20
E3945,C0028,CSE,20
E4546,C0026,IT,20
E3949,C0044,CSE,20
E0348,C0024,AUTO,20
E4556,C0011,CH,20
E4686,C0036,IT,20
E0740,C0032,IT,20
E3252,C0016,IT,20
E1778,C0026,CIVIL,20
E3469,C0012,EC,20
E1539,C0019,IT,20
E4421,C0013,CH,20
E1990,C0024,IT,20
E4663,C0007,EC,20
E0144,C0050,IT,20
E3378,C0043,IC,20
E2188,C0012,EC,20
E4092,C0030,CIVIL,20
E3718,C0009,IC,20
E0399,C0050,CH,20
E3002,C0003,CH,20
E2122,C0041,CH,20
E1283,C0033,CH,20
E3432,C0031,EC,20
E3351,C0017,EE,20
E4822,C0034,IC,20
E2953,C0039,IT,20
E0021,C0008,CH,20
E1751,C0050,IC,20
E3790,C0003,ME,20
E4684,C0011,EC,20
E0423,C0039,CH,20
E2219,C0028,ME,20
E1175,C0020,CIVIL,20
E3293,C0015,EC,20
E3982,C0048,CIVIL,20
E1205,C0043,EC,20
E0716,C0047,ME,20
E4747,C0036,AUTO,20
E1817,C0029,CSE,20
E0564,C0031,IC,20
E3370,C0012,CH,20
E4790,C0048,CIVIL,20
E1120,C0047,ME,20
E1963,C0039,AUTO,20
E4468,C0005,AUTO,20
E2279,C0046,IT,20
E0934,C0043,CIVIL,20
E2982,C0049,AUTO,20
E2997,C0019,CH,20
E0077,C0038,CH,20
E1332,C0044,CH,20
E4341,C0034,CSE,20
E2870,C0040,IT,20
E2547,C0011,CH,20
E0845,C0033,EC,20
E2144,C0017,CH,20
E3685,C0015,EE,20
E4395,C0006,IC,20
E3950,C0010,IT,20
E1193,C0019,AUTO,20
E0618,C0024,IT,20
E4698,C0039,CSE,20
E4926,C0034,IC,20
E4757,C0008,ME,20
E1131,C0021,IC,20
E1886,C0011,EC,20
E0723,C0025,IT,20
E0228,C0017,EE,20
E0305,C0005,IT,20
E3168,C0022,IT,20
E4728,C0002,EE,20
E2977,C0050,ME,20
E4130,C0033,IT,20
E2835,C0023,EE,20
E4936,C0023,CIVIL,20
E3066,C0035,EC,20
E2596,C0032,EC,20
E2365,C0030,CH,20
E0549,C0024,CSE,20
E4099,C0029,EE,20
E2174,C0046,ME,20
E2018,C0022,AUTO,20
E4690,C0005,CIVIL,20
E3752,C0033,CH,20
E4500,C0041,EC,20
E0649,C0016,CIVIL,20
E1946,C0036,IT,20
E4552,C0006,CSE,20
E2910,C0029,IT,20
E0885,C0025,EC,20
E2929,C0027,IT,20
E1639,C0025,EE,20
E4362,C0042,EC,20
E3964,C0014,CIVIL,20
E4594,C0009,EE,20
E2134,C0034,EE,20
E0239,C0018,ME,20
E2238,C0037,IC,20
E4192,C0001,AUTO,20
E1554,C0009,EC,20
E4736,C0029,AUTO,20
E0428,C0003,CSE,20
E0409,C0025,IT,20
E4340,C0022,AUTO,20
E0908,C0030,EE,20
E4946,C0012,IT,20
E2074,C0037,EC,20
E4418,C0020,CH,20
E1106,C0013,EE,20
E3569,C0039,EC,20
E2936,C0005,CIVIL,20
E2414,C0031,IT,20
E4897,C0033,CSE,20
E1923,C0025,AUTO,20
E1511,C0044,IC,21
E1534,C0015,EC,21
E0099,C0050,IC,21
E3797,C0013,CH,21
E2288,C0003,EC,21
E1291,C0012,EC,21
E4205,C0014,EC,21
E2726,C0034,EE,21
E2198,C0021,EC,21
E2996,C0037,IC,21
E0400,C0032,EE,21
E4652,C0046,EC,21
E2587,C0024,ME,21
E3140,C0015,EC,21
E0829,C0013,CH,21
E2974,C0044,CIVIL,21
E1943,C0009,IC,21
E2542,C0026,AUTO,21
E3008,C0022,IT,21
E2435,C0037,IC,21
E2514,C0018,EC,21
E4504,C0007,EE,21
E1824,C0045,CH,21
E3274,C0021,CSE,21
E2329,C0030,CIVIL,21
E0129,C0005,CIVIL,21
E4008,C0025,ME,21
E3320,C0022,EC,21
E1785,C0038,CIVIL,21
E2202,C0034,CIVIL,21
E4811,C0027,CIVIL,21
E3580,C0025,EE,21
E2222,C0043,CIVIL,21
E4701,C0017,ME,21
E2663,C0028,CSE,21
E2218,C0046,CIVIL,21
E2115,C0022,CSE,21
E1863,C0014,EE,21
E0939,C0038,CSE,21
E1397,C0006,CSE,21
E1985,C0009,CIVIL,21
E3037,C0027,CIVIL,21
E4028,C0050,ME,21
E1721,C0021,CIVIL,21
E1287,C0010,IT,21
E2359,C0022,CH,21
E1160,C0033,IT,21
E2795,C0044,CIVIL,21
E2984,C0040,CH,21
E4776,C0009,EC,21
E2072,C0018,EE,21
E3993,C0023,CIVIL,21
E0493,C0030,CH,21
E3737,C0024,AUTO,21
E3843,C0018,ME,21
E0321,C0010,IC,21
E2858,C0038,IT,21
E4837,C0014,IT,21
E4103,C0046,AUTO,21
E2110,C0009,CH,21
E0895,C0035,AUTO,21
E4773,C0017,EE,21
E2535,C0009,EE,21
E1567,C0005,AUTO,21
E1385,C0001,IC,21
E0066,C0044,IT,21
E4071,C0026,EC,21
E2030,C0050,IT,21
E4921,C0039,EC,21
E1445,C0027,EC,21
E3452,C0028,IT,21
E2120,C0013,CH,21
E0081,C0038,EE,21
E3409,C0028,EC,21
E4296,C0038,CH,21
E1574,C0011,CSE,21
E4541,C0023,ME,21
E4492,C0046,AUTO,21
E4104,C0025,EE,21
E2717,C0020,CH,21
E3031,C0025,IT,21
E2786,C0049,ME,21
E1127,C0030,IT,21
E0578,C0042,IT,21
E2277,C0032,EC,21
E3945,C0028,CSE,21
E4546,C0026,IT,21
E3949,C0044,CSE,21
E0348,C0024,AUTO,21
E4556,C0011,CH,21
E4686,C0036,IT,21
E0740,C0032,IT,21
E3252,C0016,IT,21
E1778,C0026,CIVIL,21
E3469,C0012,EC,21
E1539,C0019,IT,21
E4421,C0013,CH,21
E1990,C0024,IT,21
E4663,C0007,EC,21
E0144,C0050,IT,21
E3378,C0043,IC,21
E2188,C0012,EC,21
E4092,C0030,CIVIL,21
E3718,C0009,IC,21
E0399,C0050,CH,21
E3002,C0003,CH,21
E2122,C0041,CH,21
E1283,C0033,CH,21
E3432,C0031,EC,21
E3351,C0017,EE,21
E4822,C0034,IC,21
E2953,C0039,IT,21
E0021,C0008,CH,21
E1751,C0050,IC,21
E3790,C0003,ME,21
E4684,C0011,EC,21
E0423,C0039,CH,21
E2219,C0028,ME,21
E1175,C0020,CIVIL,21
E3293,C0015,EC,21
E3982,C0048,CIVIL,21
E1205,C0043,EC,21
E0716,C0047,ME,21
E4747,C0036,AUTO,21
E1817,C0029,CSE,21
E0564,C0031,IC,21
E3370,C0012,CH,21
E4790,C0048,CIVIL,21
E1120,C0047,ME,21
E1963,C0039,AUTO,21
E4468,C0005,AUTO,21
E2279,C0046,IT,21
E0934,C0043,CIVIL,21
E2982,C0049,AUTO,21
E2997,C0019,CH,21
E0077,C0038,CH,21
E1332,C0044,CH,21
E4341,C0034,CSE,21
E2870,C0040,IT,21
E2547,C0011,CH,21
E0845,C0033,EC,21
E2144,C0017,CH,21
E3685,C0015,EE,21
E4395,C0006,IC,21
E3950,C0010,IT,21
E1193,C0019,AUTO,21
E0618,C0024,IT,21
E4698,C0039,CSE,21
E4926,C0034,IC,21
E4757,C0008,ME,21
E1131,C0021,IC,21
E1886,C0011,EC,21
E0723,C0025,IT,21
E0228,C0017,EE,21
E0305,C0005,IT,21
E3168,C0022,IT,21
E4728,C0002,EE,21
E2977,C0050,ME,21
E4130,C0033,IT,21
E2835,C0023,EE,21
E4936,C0023,CIVIL,21
E3066,C0035,EC,21
E2596,C0032,EC,21
E2365,C0030,CH,21
E0549,C0024,CSE,21
E4099,C0029,EE,21
E2174,C0046,ME,21
E2018,C0022,AUTO,21
E4690,C0005,CIVIL,21
E3752,C0033,CH,21
E4500,C0041,EC,21
E0649,C0016,CIVIL,21
E1946,C0036,IT,21
E4552,C0006,CSE,21
E2910,C0029,IT,21
E0885,C0025,EC,21
E2929,C0027,IT,21
E1639,C0025,EE,21
E4362,C0042,EC,21
E3964,C0014,CIVIL,21
E4594,C0009,EE,21
E2134,C0034,EE,21
E0239,C0018,ME,21
E2238,C0037,IC,21
E4192,C0001,AUTO,21
E1554,C0009,EC,21
E4736,C0029,AUTO,21
E0428,C0003,CSE,21
E0409,C0025,IT,21
E4340,C0022,AUTO,21
E0908,C0030,EE,21
E4946,C0012,IT,21
E2074,C0037,EC,21
E4418,C0020,CH,21
E1106,C0013,EE,21
E3569,C0039,EC,21
E2936,C0005,CIVIL,21
E2414,C0031,IT,21
E4897,C0033,CSE,21
E1923,C0025,AUTO,21
E1511,C0044,IC,22
E1534,C0015,EC,22
E0099,C0050,IC,22
E3797,C0013,CH,22
E2288,C0003,EC,22
E1291,C0012,EC,22
E4205,C0014,EC,22
E2726,C0034,EE,22
E2198,C0021,EC,22
E2996,C0037,IC,22
E0400,C0032,EE,22
E4652,C0046,EC,22
E2587,C0024,ME,22
E3140,C0015,EC,22
E0829,C0013,CH,22
E2974,C0044,CIVIL,22
E1943,C0009,IC,22
E2542,C0026,AUTO,22
E3008,C0022,IT,22
E2435,C0037,IC,22
E2514,C0018,EC,22
E4504,C0007,EE,22
E1824,C0045,CH,22
E3274,C0021,CSE,22
E2329,C0030,CIVIL,22
E0129,C0005,CIVIL,22
E4008,C0025,ME,22
E3320,C0022,EC,22
E1785,C0038,CIVIL,22
E2202,C0034,CIVIL,22
E4811,C0027,CIVIL,22
E3580,C0025,EE,22
E2222,C0043,CIVIL,22
E4701,C0017,ME,22
E2663,C0028,CSE,22
E2218,C0046,CIVIL,22
E2115,C0022,CSE,22
E1863,C0014,EE,22
E0939,C0038,CSE,22
E1397,C0006,CSE,22
E1985,C0009,CIVIL,22
E3037,C0027,CIVIL,22
E4028,C0050,ME,22
E1721,C0021,CIVIL,22
E1287,C0010,IT,22
E2359,C0022,CH,22
E1160,C0033,IT,22
E2795,C0044,CIVIL,22
E2984,C0040,CH,22
E4776,C0009,EC,22
E2072,C0018,EE,22
E3993,C0023,CIVIL,22
E0493,C0030,CH,22
E3737,C0024,AUTO,22
E3843,C0018,ME,22
E0321,C0010,IC,22
E2858,C0038,IT,22
E4837,C0014,IT,22
E4103,C0046,AUTO,22
E2110,C0009,CH,22
E0895,C0035,AUTO,22
E4773,C0017,EE,22
E2535,C0009,EE,22
E1567,C0005,AUTO,22
E1385,C0001,IC,22
E0066,C0044,IT,22
E4071,C0026,EC,22
E2030,C0050,IT,22
E4921,C0039,EC,22
E1445,C0027,EC,22
E3452,C0028,IT,22
E2120,C0013,CH,22
E0081,C0038,EE,22
E3409,C0028,EC,22
E4296,C0038,CH,22
E1574,C0011,CSE,22
E4541,C0023,ME,22
E4492,C0046,AUTO,22
E4104,C0025,EE,22
E2717,C0020,CH,22
E3031,C0025,IT,22
E2786,C0049,ME,22
E1127,C0030,IT,22
E0578,C0042,IT,22
E2277,C0032,EC,22
E3945,C0028,CSE,22
E4546,C0026,IT,22
E3949,C0044,CSE,22
E0348,C0024,AUTO,22
E4556,C0011,CH,22
E4686,C0036,IT,22
E0740,C0032,IT,22
E3252,C0016,IT,22
E1778,C0026,CIVIL,22
E3469,C0012,EC,22
E1539,C0019,IT,22
E4421,C0013,CH,22
E1990,C0024,IT,22
E4663,C0007,EC,22
E0144,C0050,IT,22
E3378,C0043,IC,22
E2188,C0012,EC,22
E4092,C0030,CIVIL,22
E3718,C0009,IC,22
E0399,C0050,CH,22
E3002,C0003,CH,22
E2122,C0041,CH,22
E1283,C0033,CH,22
E3432,C0031,EC,22
E3351,C0017,EE,22
E4822,C0034,IC,22
E2953,C0039,IT,22
E0021,C0008,CH,22
E1751,C0050,IC,22
E3790,C0003,ME,22
E4684,C0011,EC,22
E0423,C0039,CH,22
E2219,C0028,ME,22
E1175,C0020,CIVIL,22
E3293,C0015,EC,22
E3982,C0048,CIVIL,22
E1205,C0043,EC,22
E0716,C0047,ME,22
E4747,C0036,AUTO,22
E1817,C0029,CSE,22
E0564,C0031,IC,22
E3370,C0012,CH,22
E4790,C0048,CIVIL,22
E1120,C0047,ME,22
E1963,C0039,AUTO,22
E4468,C0005,AUTO,22
E2279,C0046,IT,22
E0934,C0043,CIVIL,22
E2982,C0049,AUTO,22
E2997,C0019,CH,22
E0077,C0038,CH,22
E1332,C0044,CH,22
E4341,C0034,CSE,22
E2870,C0040,IT,22
E2547,C0011,CH,22
E0845,C0033,EC,22
E2144,C0017,CH,22
E3685,C0015,EE,22
E4395,C0006,IC,22
E3950,C0010,IT,22
E1193,C0019,AUTO,22
E0618,C0024,IT,22
E4698,C0039,CSE,22
E4926,C0034,IC,22
E4757,C0008,ME,22
E1131,C0021,IC,22
E1886,C0011,EC,22
E0723,C0025,IT,22
E0228,C0017,EE,22
E0305,C0005,IT,22
E3168,C0022,IT,22
E4728,C0002,EE,22
E2977,C0050,ME,22
E4130,C0033,IT,22
E2835,C0023,EE,22
E4936,C0023,CIVIL,22
E3066,C0035,EC,22
E2596,C0032,EC,22
E2365,C0030,CH,22
E0549,C0024,CSE,22
E4099,C0029,EE,22
E2174,C0046,ME,22
E2018,C0022,AUTO,22
E4690,C0005,CIVIL,22
E3752,C0033,CH,22
E4500,C0041,EC,22
E0649,C0016,CIVIL,22
E1946,C0036,IT,22
E4552,C0006,CSE,22
E2910,C0029,IT,22
E0885,C0025,EC,22
E2929,C0027,IT,22
E1639,C0025,EE,22
E4362,C0042,EC,22
E3964,C0014,CIVIL,22
E4594,C0009,EE,22
E2134,C0034,EE,22
E0239,C0018,ME,22
E2238,C0037,IC,22
E4192,C0001,AUTO,22
E1554,C0009,EC,22
E4736,C0029,AUTO,22
E0428,C0003,CSE,22
E0409,C0025,IT,22
E4340,C0022,AUTO,22
E0908,C0030,EE,22
E4946,C0012,IT,22
E2074,C0037,EC,22
E4418,C0020,CH,22
E1106,C0013,EE,22
E3569,C0039,EC,22
E2936,C0005,CIVIL,22
E2414,C0031,IT,22
E4897,C0033,CSE,22
E1923,C0025,AUTO,22
E1511,C0044,IC,23
E1534,C0015,EC,23
E0099,C0050,IC,23
E3797,C0013,CH,23
E2288,C0003,EC,23
E1291,C0012,EC,23
E4205,C0014,EC,23
E2726,C0034,EE,23
E2198,C0021,EC,23
E2996,C0037,IC,23
E0400,C0032,EE,23
E4652,C0046,EC,23
E2587,C0024,ME,23
E3140,C0015,EC,23
E0829,C0013,CH,23
E2974,C0044,CIVIL,23
E1943,C0009,IC,23
E2542,C0026,AUTO,23
E3008,C0022,IT,23
E2435,C0037,IC,23
E2514,C0018,EC,23
E4504,C0007,EE,23
E1824,C0045,CH,23
E3274,C0021,CSE,23
E2329,C0030,CIVIL,23
E0129,C0005,CIVIL,23
E4008,C0025,ME,23
E3320,C0022,EC,23
E1785,C0038,CIVIL,23
E2202,C0034,CIVIL,23
E4811,C0027,CIVIL,23
E3580,C0025,EE,23
E2222,C0043,CIVIL,23
E4701,C0017,ME,23
E2663,C0028,CSE,23
E2218,C0046,CIVIL,23
E2115,C0022,CSE,23
E1863,C0014,EE,23
E0939,C0038,CSE,23
E1397,C0006,CSE,23
E1985,C0009,CIVIL,23
E3037,C0027,CIVIL,23
E4028,C0050,ME,23
E1721,C0021,CIVIL,23
E1287,C0010,IT,23
E2359,C0022,CH,23
E1160,C0033,IT,23
E2795,C0044,CIVIL,23
E2984,C0040,CH,23
E4776,C0009,EC,23
E2072,C0018,EE,23
E3993,C0023,CIVIL,23
E0493,C0030,CH,23
E3737,C0024,AUTO,23
E3843,C0018,ME,23
E0321,C0010,IC,23
E2858,C0038,IT,23
E4837,C0014,IT,23
E4103,C0046,AUTO,23
E2110,C0009,CH,23
E0895,C0035,AUTO,23
E4773,C0017,EE,23
E2535,C0009,EE,23
E1567,C0005,AUTO,23
E1385,C0001,IC,23
E0066,C0044,IT,23
E4071,C0026,EC,23
E2030,C0050,IT,23
E4921,C0039,EC,23
E1445,C0027,EC,23
E3452,C0028,IT,23
E2120,C0013,CH,23
E0081,C0038,EE,23
E3409,C0028,EC,23
E4296,C0038,CH,23
E1574,C0011,CSE,23
E4541,C0023,ME,23
E4492,C0046,AUTO,23
E4104,C0025,EE,23
E2717,C0020,CH,23
E3031,C0025,IT,23
E2786,C0049,ME,23
E1127,C0030,IT,23
E0578,C0042,IT,23
E2277,C0032,EC,23
E3945,C0028,CSE,23
E4546,C0026,IT,23
E3949,C0044,CSE,23
E0348,C0024,AUTO,23
E4556,C0011,CH,23
E4686,C0036,IT,23
E0740,C0032,IT,23
E3252,C0016,IT,23
E1778,C0026,CIVIL,23
E3469,C0012,EC,23
E1539,C0019,IT,23
E4421,C0013,CH,23
E1990,C0024,IT,23
E4663,C0007,EC,23
E0144,C0050,IT,23
E3378,C0043,IC,23
E2188,C0012,EC,23
E4092,C0030,CIVIL,23
E3718,C0009,IC,23
E0399,C0050,CH,23
E3002,C0003,CH,23
E2122,C0041,CH,23
E1283,C0033,CH,23
E3432,C0031,EC,23
E3351,C0017,EE,23
E4822,C0034,IC,23
E2953,C0039,IT,23
E0021,C0008,CH,23
E1751,C0050,IC,23
E3790,C0003,ME,23
E4684,C0011,EC,23
E0423,C0039,CH,23
E2219,C0028,ME,23
E1175,C0020,CIVIL,23
E3293,C0015,EC,23
E3982,C0048,CIVIL,23
E1205,C0043,EC,23
E0716,C0047,ME,23
E4747,C0036,AUTO,23
E1817,C0029,CSE,23
E0564,C0031,IC,23
E3370,C0012,CH,23
E4790,C0048,CIVIL,23
E1120,C0047,ME,23
E1963,C0039,AUTO,23
E4468,C0005,AUTO,23
E2279,C0046,IT,23
E0934,C0043,CIVIL,23
E2982,C0049,AUTO,23
E2997,C0019,CH,23
E0077,C0038,CH,23
E1332,C0044,CH,23
E4341,C0034,CSE,23
E2870,C0040,IT,23
E2547,C0011,CH,23
E0845,C0033,EC,23
E2144,C0017,CH,23
E3685,C0015,EE,23
E4395,C0006,IC,23
E3950,C0010,IT,23
E1193,C0019,AUTO,23
E0618,C0024,IT,23
E4698,C0039,CSE,23
E4926,C0034,IC,23
E4757,C0008,ME,23
E1131,C0021,IC,23
E1886,C0011,EC,23
E0723,C0025,IT,23
E0228,C0017,EE,23
E0305,C0005,IT,23
E3168,C0022,IT,23
E4728,C0002,EE,23
E2977,C0050,ME,23
E4130,C0033,IT,23
E2835,C0023,EE,23
E4936,C0023,CIVIL,23
E3066,C0035,EC,23
E2596,C0032,EC,23
E2365,C0030,CH,23
E0549,C0024,CSE,23
E4099,C0029,EE,23
E2174,C0046,ME,23
E2018,C0022,AUTO,23
E4690,C0005,CIVIL,23
E3752,C0033,CH,23
E4500,C0041,EC,23
E0649,C0016,CIVIL,23
E1946,C0036,IT,23
E4552,C0006,CSE,23
E2910,C0029,IT,23
E0885,C0025,EC,23
E2929,C0027,IT,23
E1639,C0025,EE,23
E4362,C0042,EC,23
E3964,C0014,CIVIL,23
E4594,C0009,EE,23
E2134,C0034,EE,23
E0239,C0018,ME,23
E2238,C0037,IC,23
E4192,C0001,AUTO,23
E1554,C0009,EC,23
E4736,C0029,AUTO,23
E0428,C0003,CSE,23
E0409,C0025,IT,23
E4340,C0022,AUTO,23
E0908,C0030,EE,23
E4946,C0012,IT,23
E2074,C0037,EC,23
E4418,C0020,CH,23
E1106,C0013,EE,23
E3569,C0039,EC,23
E2936,C0005,CIVIL,23
E2414,C0031,IT,23
E4897,C0033,CSE,23
E1923,C0025,AUTO,23
E1511,C0044,IC,24
E1534,C0015,EC,24
E0099,C0050,IC,24
E3797,C0013,CH,24
E2288,C0003,EC,24
E1291,C0012,EC,24
E4205,C0014,EC,24
E2726,C0034,EE,24
E2198,C0021,EC,24
E2996,C0037,IC,24
E0400,C0032,EE,24
E4652,C0046,EC,24
E2587,C0024,ME,24
E3140,C0015,EC,24
E0829,C0013,CH,24
E2974,C0044,CIVIL,24
E1943,C0009,IC,24
E2542,C0026,AUTO,24
E3008,C0022,IT,24
E2435,C0037,IC,24
E2514,C0018,EC,24
E4504,C0007,EE,24
E1824,C0045,CH,24
E3274,C0021,CSE,24
E2329,C0030,CIVIL,24
E0129,C0005,CIVIL,24
E4008,C0025,ME,24
E3320,C0022,EC,24
E1785,C0038,CIVIL,24
E2202,C0034,CIVIL,24
E4811,C0027,CIVIL,24
E3580,C0025,EE,24
E2222,C0043,CIVIL,24
E4701,C0017,ME,24
E2663,C0028,CSE,24
E2218,C0046,CIVIL,24
E2115,C0022,CSE,24
E1863,C0014,EE,24
E0939,C0038,CSE,24
E1397,C0006,CSE,24
E1985,C0009,CIVIL,24
E3037,C0027,CIVIL,24
E4028,C0050,ME,24
E1721,C0021,CIVIL,24
E1287,C0010,IT,24
E2359,C0022,CH,24
E1160,C0033,IT,24
E2795,C0044,CIVIL,24
E2984,C0040,CH,24
E4776,C0009,EC,24
E2072,C0018,EE,24
E3993,C0023,CIVIL,24
E0493,C0030,CH,24
E3737,C0024,AUTO,24
E3843,C0018,ME,24
E0321,C0010,IC,24
E2858,C0038,IT,24
E4837,C0014,IT,24
E4103,C0046,AUTO,24
E2110,C0009,CH,24
E0895,C0035,AUTO,24
E4773,C0017,EE,24
E2535,C0009,EE,24
E1567,C0005,AUTO,24
E1385,C0001,IC,24
E0066,C0044,IT,24
E4071,C0026,EC,24
E2030,C0050,IT,24
E4921,C0039,EC,24
E1445,C0027,EC,24
E3452,C0028,IT,24
E2120,C0013,CH,24
E0081,C0038,EE,24
E3409,C0028,EC,24
E4296,C0038,CH,24
E1574,C0011,CSE,24
E4541,C0023,ME,24
E4492,C0046,AUTO,24
E4104,C0025,EE,24
E2717,C0020,CH,24
E3031,C0025,IT,24
E2786,C0049,ME,24
E1127,C0030,IT,24
E0578,C0042,IT,24
E2277,C0032,EC,24
E3945,C0028,CSE,24
E4546,C0026,IT,24
E3949,C0044,CSE,24
E0348,C0024,AUTO,24
E4556,C0011,CH,24
E4686,C0036,IT,24
E0740,C0032,IT,24
E3252,C0016,IT,24
E1778,C0026,CIVIL,24
E3469,C0012,EC,24
E1539,C0019,IT,24
E4421,C0013,CH,24
E1990,C0024,IT,24
E4663,C0007,EC,24
E0144,C0050,IT,24
E3378,C0043,IC,24
E2188,C0012,EC,24
E4092,C0030,CIVIL,24
E3718,C0009,IC,24
E0399,C0050,CH,24
E3002,C0003,CH,24
E2122,C0041,CH,24
E1283,C0033,CH,24
E3432,C0031,EC,24
E3351,C0017,EE,24
E4822,C0034,IC,24
E2953,C0039,IT,24
E0021,C0008,CH,24
E1751,C0050,IC,24
E3790,C0003,ME,24
E4684,C0011,EC,24
E0423,C0039,CH,24
E2219,C0028,ME,24
E1175,C0020,CIVIL,24
E3293,C0015,EC,24
E3982,C0048,CIVIL,24
E1205,C0043,EC,24
E0716,C0047,ME,24
E4747,C0036,AUTO,24
E1817,C0029,CSE,24
E0564,C0031,IC,24
E3370,C0012,CH,24
E4790,C0048,CIVIL,24
E1120,C0047,ME,24
E1963,C0039,AUTO,24
E4468,C0005,AUTO,24
E2279,C0046,IT,24
E0934,C0043,CIVIL,24
E2982,C0049,AUTO,24
E2997,C0019,CH,24
E0077,C0038,CH,24
E1332,C0044,CH,24
E4341,C0034,CSE,24
E2870,C0040,IT,24
E2547,C0011,CH,24
E0845,C0033,EC,24
E2144,C0017,CH,24
E3685,C0015,EE,24
E4395,C0006,IC,24
E3950,C0010,IT,24
E1193,C0019,AUTO,24
E0618,C0024,IT,24
E4698,C0039,CSE,24
E4926,C0034,IC,24
E4757,C0008,ME,24
E1131,C0021,IC,24
E1886,C0011,EC,24
E0723,C0025,IT,24
E0228,C0017,EE,24
E0305,C0005,IT,24
E3168,C0022,IT,24
E4728,C0002,EE,24
E2977,C0050,ME,24
E4130,C0033,IT,24
E2835,C0023,EE,24
E4936,C0023,CIVIL,24
E3066,C0035,EC,24
E2596,C0032,EC,24
E2365,C0030,CH,24
E0549,C0024,CSE,24
E4099,C0029,EE,24
E2174,C0046,ME,24
E2018,C0022,AUTO,24
E4690,C0005,CIVIL,24
E3752,C0033,CH,24
E4500,C0041,EC,24
E0649,C0016,CIVIL,24
E1946,C0036,IT,24
E4552,C0006,CSE,24
E2910,C0029,IT,24
E0885,C0025,EC,24
E2929,C0027,IT,24
E1639,C0025,EE,24
E4362,C0042,EC,24
E3964,C0014,CIVIL,24
E4594,C0009,EE,24
E2134,C0034,EE,24
E0239,C0018,ME,24
E2238,C0037,IC,24
E4192,C0001,AUTO,24
E1554,C0009,EC,24
E4736,C0029,AUTO,24
E0428,C0003,CSE,24
E0409,C0025,IT,24
E4340,C0022,AUTO,24
E0908,C0030,EE,24
E4946,C0012,IT,24
E2074,C0037,EC,24
E4418,C0020,CH,24
E1106,C0013,EE,24
E3569,C0039,EC,24
E2936,C0005,CIVIL,24
E2414,C0031,IT,24
E4897,C0033,CSE,24
E1923,C0025,AUTO,24
E1511,C0044,IC,25
E1534,C0015,EC,25
E0099,C0050,IC,25
E3797,C0013,CH,25
E2288,C0003,EC,25
E1291,C0012,EC,25
E4205,C0014,EC,25
E2726,C0034,EE,25
E2198,C0021,EC,25
E2996,C0037,IC,25
E0400,C0032,EE,25
E4652,C0046,EC,25
E2587,C0024,ME,25
E3140,C0015,EC,25
E0829,C0013,CH,25
E2974,C0044,CIVIL,25
E1943,C0009,IC,25
E2542,C0026,AUTO,25
E3008,C0022,IT,25
E2435,C0037,IC,25
E2514,C0018,EC,25
E4504,C0007,EE,25
E1824,C0045,CH,25
E3274,C0021,CSE,25
E2329,C0030,CIVIL,25
E0129,C0005,CIVIL,25
E4008,C0025,ME,25
E3320,C0022,EC,25
E1785,C0038,CIVIL,25
E2202,C0034,CIVIL,25
E4811,C0027,CIVIL,25
E3580,C0025,EE,25
E2222,C0043,CIVIL,25
E4701,C0017,ME,25
E2663,C0028,CSE,25
E2218,C0046,CIVIL,25
E2115,C0022,CSE,25
E1863,C0014,EE,25
E0939,C0038,CSE,25
E1397,C0006,CSE,25
E1985,C0009,CIVIL,25
E3037,C0027,CIVIL,25
E4028,C0050,ME,25
E1721,C0021,CIVIL,25
E1287,C0010,IT,25
E2359,C0022,CH,25
E1160,C0033,IT,25
E2795,C0044,CIVIL,25
E2984,C0040,CH,25
E4776,C0009,EC,25
E2072,C0018,EE,25
E3993,C0023,CIVIL,25
E0493,C0030,CH,25
E3737,C0024,AUTO,25
E3843,C0018,ME,25
E0321,C0010,IC,25
E2858,C0038,IT,25
E4837,C0014,IT,25
E4103,C0046,AUTO,25
E2110,C0009,CH,25
E0895,C0035,AUTO,25
E4773,C0017,EE,25
E2535,C0009,EE,25
E1567,C0005,AUTO,25
E1385,C0001,IC,25
E0066,C0044,IT,25
E4071,C0026,EC,25
E2030,C0050,IT,25
E4921,C0039,EC,25
E1445,C0027,EC,25
E3452,C0028,IT,25
E2120,C0013,CH,25
E0081,C0038,EE,25
E3409,C0028,EC,25
E4296,C0038,CH,25
E1574,C0011,CSE,25
E4541,C0023,ME,25
E4492,C0046,AUTO,25
E4104,C0025,EE,25
E2717,C0020,CH,25
E3031,C0025,IT,25
E2786,C0049,ME,25
E1127,C0030,IT,25
E0578,C0042,IT,25
E2277,C0032,EC,25
E3945,C0028,CSE,25
E4546,C0026,IT,25
E3949,C0044,CSE,25
E0348,C0024,AUTO,25
E4556,C0011,CH,25
E4686,C0036,IT,25
E0740,C0032,IT,25
E3252,C0016,IT,25
E1778,C0026,CIVIL,25
E3469,C0012,EC,25
E1539,C0019,IT,25
E4421,C0013,CH,25
E1990,C0024,IT,25
E4663,C0007,EC,25
E0144,C0050,IT,25
E3378,C0043,IC,25
E2188,C0012,EC,25
E4092,C0030,CIVIL,25
E3718,C0009,IC,25
E0399,C0050,CH,25
E3002,C0003,CH,25
E2122,C0041,CH,25
E1283,C0033,CH,25
E3432,C0031,EC,25
E3351,C0017,EE,25
E4822,C0034,IC,25
E2953,C0039,IT,25
E0021,C0008,CH,25
E1751,C0050,IC,25
E3790,C0003,ME,25
E4684,C0011,EC,25
E0423,C0039,CH,25
E2219,C0028,ME,25
E1175,C0020,CIVIL,25
E3293,C0015,EC,25
E3982,C0048,CIVIL,25
E1205,C0043,EC,25
E0716,C0047,ME,25
E4747,C0036,AUTO,25
E1817,C0029,CSE,25
E0564,C0031,IC,25
E3370,C0012,CH,25
E4790,C0048,CIVIL,25
E1120,C0047,ME,25
E1963,C0039,AUTO,25
E4468,C0005,AUTO,25
E2279,C0046,IT,25
E0934,C0043,CIVIL,25
E2982,C0049,AUTO,25
E2997,C0019,CH,25
E0077,C0038,CH,25
E1332,C0044,CH,25
E4341,C0034,CSE,25
E2870,C0040,IT,25
E2547,C0011,CH,25
E0845,C0033,EC,25
E2144,C0017,CH,25
E3685,C0015,EE,25
E4395,C0006,IC,25
E3950,C0010,IT,25
E1193,C0019,AUTO,25
E0618,C0024,IT,25
E4698,C0039,CSE,25
E4926,C0034,IC,25
E4757,C0008,ME,25
E1131,C0021,IC,25
E1886,C0011,EC,25
E0723,C0025,IT,25
E0228,C0017,EE,25
E0305,C0005,IT,25
E3168,C0022,IT,25
E4728,C0002,EE,25
E2977,C0050,ME,25
E4130,C0033,IT,25
E2835,C0023,EE,25
E4936,C0023,CIVIL,25
E3066,C0035,EC,25
E2596,C0032,EC,25
E2365,C0030,CH,25
E0549,C0024,CSE,25
E4099,C0029,EE,25
E2174,C0046,ME,25
E2018,C0022,AUTO,25
E4690,C0005,CIVIL,25
E3752,C0033,CH,25
E4500,C0041,EC,25
E0649,C0016,CIVIL,25
E1946,C0036,IT,25
E4552,C0006,CSE,25
E2910,C0029,IT,25
E0885,C0025,EC,25
E2929,C0027,IT,25
E1639,C0025,EE,25
E4362,C0042,EC,25
E3964,C0014,CIVIL,25
E4594,C0009,EE,25
E2134,C0034,EE,25
E0239,C0018,ME,25
E2238,C0037,IC,25
E4192,C0001,AUTO,25
E1554,C0009,EC,25
E4736,C0029,AUTO,25
E0428,C0003,CSE,25
E0409,C0025,IT,25
E4340,C0022,AUTO,25
E0908,C0030,EE,25
E4946,C0012,IT,25
E2074,C0037,EC,25
E4418,C0020,CH,25
E1106,C0013,EE,25
E3569,C0039,EC,25
E2936,C0005,CIVIL,25
E2414,C0031,IT,25
E4897,C0033,CSE,25
E1923,C0025,AUTO,25
